อายุ,เพศ,สถานภาพสมรส,สถานะการมีบุตร,สัญชาติ,อาศัยอยู่ในจังหวัด,การศึกษา,กำลังศึกษาอยู่ในระดับชั้น,จบการศึกษาสูงสุดชั้น,ปัจจุบันฉันอาศัยอยู่กับ,ครอบครัวของฉันมีฐานะ,ครอบครัวของฉันมีลักษณะเฉพาะดังนี้,สิทธิที่ฉันมีในการรับบริการด้านสุขภาพ,ปัญหาใดที่มีผลต่อชีวิตวัยรุ่นมากที่สุด,"ความพึงพอใจต่อการเรียนการสอนเรื่องเพศวิถีศึกษาในสังคมไทย[สถานศึกษามี ""ครู"" ที่ไว้ใจและสามารถขอคำปรึกษาเรื่องการมีความสัมพันธ์ทางเพศได้]","ความพึงพอใจต่อการเรียนการสอนเรื่องเพศวิถีศึกษาในสังคมไทย[สถานศึกษามี ""บุคคลากรที่ไม่ใช่ครู"" ที่ไว้ใจและสามารถขอคำปรึกษาเรื่องการมีความสัมพันธ์ทางเพศได้]","ความพึงพอใจต่อการเรียนการสอนเรื่องเพศวิถีศึกษาในสังคมไทย[สถานศึกษามี ""การสอนเพศวิถีศึกษา""  ที่เหมาะสมกับเพศ วัย ตรงตามความต้องการ]",ฉันอยากเรียนรู้เรื่องต่อไปนี้ เพื่อให้เข้าใจเพศวิถีศึกษาอย่างรอบด้าน,สถานศึกษาของฉันสอนเกี่ยวกับเพศวิถีศึกษาจากมุมมองผลกระทบด้านลบของการมีเพศสัมพันธ์,การเลี้ยงดู ทัศนคติของพ่อแม่ผู้ปกครอง และชุมชน เน้นแต่ด้านลบของการมีเพศสัมพันธ์,ฉันรู้สึกมั่นใจที่สามารถปรึกษาพูดคุยเรื่องเพศสัมพันธ์กับพ่อแม่/ครอบครัวได้,ฉันสามารถมีเพศสัมพันธ์ที่ปลอดภัย เพื่อป้องกันการตั้งครรภ์และการติดโรคทางเพศสัมพันธ์ ได้,การบริการเรื่องอนามัยการเจริญพันธุ์ที่ควรได้รับการปรับปรุงเพิ่มเติม,เมื่อวัยรุ่นตั้งครรภ์ ฉันเห็นว่าควรได้รับสิทธิดังต่อไปนี้,หากมีเพื่อนตั้งครรภ์ ฉันมีความรู้สามารถให้คำแนะนำกับเพื่อนได้ว่าควรจะทำอย่างไร,หากฉัน(หรือคนรักของฉัน) ท้อง บุคคลแรกที่ฉันจะปรึกษาและขอคำแนะนำคือใคร,ฉันรู้สึกพึงพอใจการให้บริการอนามัยการเจริญพันธุ์ในพื้นที่ที่ฉันอยู่อาศัย,ทักษะที่จำเป็นสำหรับอนาคตของคนรุ่นของฉัน,ฉันคิดว่า ฉันได้รับการเตรียมทักษะที่ฉันต้องการเพียงพอ,ว่าจะเรียนรู้พัฒนาทักษะดังกล่าวได้ที่ไหน,อาชีพที่คุณอยากทำ
17,หญิง,โสด,ยังไม่มีบุตร,สัญชาติไทย,นครสวรรค์,เรียนรู้ด้วยตัวเอง,มหาวิทยาลัย,มัธยมปลาย,ครอบครัว/พ่อแม่,พอมีพอกิน,ไม่มีข้อไหนเลย,สวัสดิการบุตรข้าราชการ/ข้าราชการบำนาญ,เรื่องเพศและสุขภาพทางเพศ;ความรุนแรงในครอบครัว;รู้สึกโดดเดี่ยว มีภาวะซึมเศร้า และการฆ่าตัวตาย,,การตัดสินใจเรื่องความสัมพันธ์ทางเพศ;การมีเพศสัมพันธ์ที่ปลอดภัย ไม่ท้อง ไม่ติดโรค;การให้คำปรึกษาและรักษาข้อมูลส่วนตัว,เห็นด้วย,ไม่เห็นด้วย,ไม่แน่ใจ,เห็นด้วย,ให้ความรู้ความเข้าใจที่ถูกต้องเรื่องวิธีการคุมกำเนิดในแบบต่างๆ;ให้ความรู้และคำแนะนำที่ทำให้วัยรุ่นสามารถตัดสินใจได้ด้วยตนเอง;มีช่องทางการสื่อสาร รับคำปรึกษา และรับข้อมูลในโซเชียลมีเดียที่เหมาะกับวัยรุ่น,เมื่อท้องในวัยเรียนต้องได้เรียนต่อในโรงเรียนเดิม;เมื่อท้องในวัยเรียนต้องได้เรียนต่อในโรงเรียนอื่น;มีมาตราการจากรัฐในการช่วยเหลือแม่วัยรุ่นหลังคลอดลูก,ใช่,แม่,พอใจ,ทักษะในการจัดการด้านอารมณ์ ความรู้สึก ได้แก่ สามารถสื่อสารความต้องการของตนเอง การจัดการความโกรธ การยอมรับความหลากหลายทางความคิดในสังคม;ทักษะการวางแผนชีวิต ได้แก่ การประเมินลักษะณะการทำงานในอนาคต;ทักษะด้านสุขภาวะทางเพศ ได้แก่ ความสามารถในการตัดสินใจเรื่องเพศ การเคารพการตัดสินใจเรื่องเพศของผู้อื่น การไม่ล่วงละเมิดผู้อื่นในเรื่องเพศ การดูแลสุขภาพทางเพศของตัวเอง,พอ,สถานศึกษา;พ่อแม่ ญาติ ครอบครัว;อินเตอร์เน็ต สื่อโซเชียล,กลุ่มข้าราชการ ทหาร ตำรวจ ครู,Cyct,
23,ชาย,โสด,ยังไม่มีบุตร,สัญชาติไทย,นครสวรรค์,ไม่ได้เรียน,,มัธยมปลาย,ครอบครัว/พ่อแม่,พอมีพอกิน,ไม่มีข้อไหนเลย,บัตรทอง หลักประกันสุขภาพถ้วนหน้า;ประกันสุขภาพเอกชน,รู้สึกโดดเดี่ยว มีภาวะซึมเศร้า และการฆ่าตัวตาย;เรื่องเพศและสุขภาพทางเพศ;รายได้ไม่พอรายจ่าย;อุบัติเหตุ,น้อย ,ไม่มี ,ปานกลาง ,การให้คำปรึกษาและรักษาข้อมูลส่วนตัว;การเรียนรู้การเปลี่ยนแปลงของร่างกาย เพื่อดูแล บำรุงได้อย่างถูกต้อง;ความหลากหลายทางเพศ,เห็นด้วย,ไม่แน่ใจ,เห็นด้วย,ไม่เห็นด้วย,มีช่องทางการสื่อสาร รับคำปรึกษา และรับข้อมูลในโซเชียลมีเดียที่เหมาะกับวัยรุ่น;ให้ความรู้ความเข้าใจที่ถูกต้องเรื่องวิธีการคุมกำเนิดในแบบต่างๆ;ให้คำปรึกษา และบริการอนามัยเจริญพันธ์ที่ได้มาตรฐาน,เมื่อท้องในวัยเรียนต้องได้เรียนต่อในโรงเรียนเดิม;เพื่อนๆ และ บุคลากรในสถานศึกษาไให้ความการยอมรับ และความช่วยเหลือ;ทำให้วัยรุ่นมีความรู้ความเข้าใจเมื่อตั้งครรภ์ เพื่อให้วัยรุ่นสามารถตัดสินใจได้ว่าจะตั้งครรภ์ต่อหรือไม่,ไม่แน่ใจ,แม่,ไม่แน่ใจ ว่ามีบริการอนามัยการเจริญพันธุ์ ในพื้นที่ของฉัน,ทักษะทางสังคม ได้แก่ การต่อรอง ความสามารถในการสื่อสาร การเข้าสังคม การทำงานเป็นทีม;ทักษะด้านสุขภาวะทางเพศ ได้แก่ ความสามารถในการตัดสินใจเรื่องเพศ การเคารพการตัดสินใจเรื่องเพศของผู้อื่น การไม่ล่วงละเมิดผู้อื่นในเรื่องเพศ การดูแลสุขภาพทางเพศของตัวเอง;ทักษะในการจัดการด้านอารมณ์ ความรู้สึก ได้แก่ สามารถสื่อสารความต้องการของตนเอง การจัดการความโกรธ การยอมรับความหลากหลายทางความคิดในสังคม,ไม่พอ,สถานศึกษา;พ่อแม่ ญาติ ครอบครัว;เพื่อน ชุมชน ชมรม,กลุ่มอาชีพอิสระ เช่น นักแสดงนักร้อง นักดนตรี ศิลปินสร้างงานศิลปะ นักกีฬา เชพ นักแปล
23,ชาย,โสด,ยังไม่มีบุตร,สัญชาติไทย,ตรัง,อุดมศึกษา,มหาวิทยาลัย,ปริญญาตรี,ครอบครัว/พ่อแม่,พอมีพอกิน,ไม่มีข้อไหนเลย,สวัสดิการบุตรข้าราชการ/ข้าราชการบำนาญ,เรื่องเพศและสุขภาพทางเพศ;รู้สึกโดดเดี่ยว มีภาวะซึมเศร้า และการฆ่าตัวตาย;การกลั่นแกล้งในโลกออนไลน์,มากที่สุด ,มากที่สุด ,มากที่สุด ,การเรียนรู้การเปลี่ยนแปลงของร่างกาย เพื่อดูแล บำรุงได้อย่างถูกต้อง;สิทธิอนามัยการเจริญพันธุ์;การให้คำปรึกษาและรักษาข้อมูลส่วนตัว,เห็นด้วย,เห็นด้วย,เห็นด้วย,เห็นด้วย,มีช่องทางการสื่อสาร รับคำปรึกษา และรับข้อมูลในโซเชียลมีเดียที่เหมาะกับวัยรุ่น;มีบริการนอกเวลาราชการ;มีการรักษาข้อมูลและความเป็นส่วนตัวโดยผู้ให้บริการ,เมื่อท้องในวัยเรียนต้องได้เรียนต่อในโรงเรียนเดิม;เพื่อนๆ และ บุคลากรในสถานศึกษาไให้ความการยอมรับ และความช่วยเหลือ;ทำให้วัยรุ่นมีความรู้ความเข้าใจเมื่อตั้งครรภ์ เพื่อให้วัยรุ่นสามารถตัดสินใจได้ว่าจะตั้งครรภ์ต่อหรือไม่,ใช่,,พอใจ,ทักษะทางสังคม ได้แก่ การต่อรอง ความสามารถในการสื่อสาร การเข้าสังคม การทำงานเป็นทีม;ทักษะทางด้านสุขภาพ ได้แก่ การป้องกันโรค การสร้างเสริมสุขภาพ;ทักษะด้านสุขภาวะทางเพศ ได้แก่ ความสามารถในการตัดสินใจเรื่องเพศ การเคารพการตัดสินใจเรื่องเพศของผู้อื่น การไม่ล่วงละเมิดผู้อื่นในเรื่องเพศ การดูแลสุขภาพทางเพศของตัวเอง,พอ,สถานศึกษา;อินเตอร์เน็ต สื่อโซเชียล;สถาบัน หรือ หน่วยงานเฉพาะด้าน,กลุ่มผู้ประกอบการ นักลงทุน เจ้าของกิจการ
18,ชาย,โสด,ยังไม่มีบุตร,สัญชาติไทย,ปัตตานี,สายสามัญ,มัธยมปลาย,มัธยมต้น,ครอบครัว/พ่อแม่,พอมีพอกิน,อยู่กับแม่เลี้ยงเดี่ยว,บัตรทอง หลักประกันสุขภาพถ้วนหน้า;ไม่รู้ว่ามีหรือไม่,การเจ็บป่วย ปัญหาสุขภาพ;รู้สึกโดดเดี่ยว มีภาวะซึมเศร้า และการฆ่าตัวตาย;ความขัดแย้ง ความเห็นแตกต่างทางการเมือง,ปานกลาง ,มาก ,ปานกลาง ,การตัดสินใจเรื่องความสัมพันธ์ทางเพศ;สิทธิอนามัยการเจริญพันธุ์;การให้คำปรึกษาและรักษาข้อมูลส่วนตัว,เห็นด้วย,ไม่เห็นด้วย,เห็นด้วย,เห็นด้วย,มีช่องทางการสื่อสาร รับคำปรึกษา และรับข้อมูลในโซเชียลมีเดียที่เหมาะกับวัยรุ่น;มีบริการแก่วัยรุ่นในสถานที่อื่น ที่ไม่ใช่โรงพยาบาล;ให้ความรู้และคำแนะนำที่ทำให้วัยรุ่นสามารถตัดสินใจได้ด้วยตนเอง,เมื่อท้องในวัยเรียนต้องได้เรียนต่อในโรงเรียนเดิม;เมื่อท้องในวัยเรียนต้องได้เรียนต่อในโรงเรียนอื่น;เพื่อนๆ และ บุคลากรในสถานศึกษาไให้ความการยอมรับ และความช่วยเหลือ,ใช่,แม่,ไม่แน่ใจ,ทักษะทางสังคม ได้แก่ การต่อรอง ความสามารถในการสื่อสาร การเข้าสังคม การทำงานเป็นทีม;ทักษะการวางแผนชีวิต ได้แก่ การประเมินลักษะณะการทำงานในอนาคต;ทักษะในการจัดการด้านอารมณ์ ความรู้สึก ได้แก่ สามารถสื่อสารความต้องการของตนเอง การจัดการความโกรธ การยอมรับความหลากหลายทางความคิดในสังคม,พอ,สถานศึกษา;อินเตอร์เน็ต สื่อโซเชียล;พ่อแม่ ญาติ ครอบครัว,กลุ่มไม่แสวงหาผลกำไร เช่น นักบวช อาสาสมัคร
19,ชาย,โสด,ยังไม่มีบุตร,สัญชาติไทย,นราธิวาส,อุดมศึกษา,มหาวิทยาลัย,มัธยมปลาย,ครอบครัว/พ่อแม่,พอมีพอกิน,อยู่กับแม่เลี้ยงเดี่ยว,บัตรทอง หลักประกันสุขภาพถ้วนหน้า,การเจ็บป่วย ปัญหาสุขภาพ;อุบัติเหตุ;รายได้ไม่พอรายจ่าย;ตกงาน ไม่มีงานทำ,,การเรียนรู้การเปลี่ยนแปลงของร่างกาย เพื่อดูแล บำรุงได้อย่างถูกต้อง;การคุมกำเนิด;การมีเพศสัมพันธ์ที่ปลอดภัย ไม่ท้อง ไม่ติดโรค,เห็นด้วย,ไม่แน่ใจ,เห็นด้วย,เห็นด้วย,มีช่องทางการสื่อสาร รับคำปรึกษา และรับข้อมูลในโซเชียลมีเดียที่เหมาะกับวัยรุ่น;มีบริการนอกเวลาราชการ;มีการรักษาข้อมูลและความเป็นส่วนตัวโดยผู้ให้บริการ,เมื่อท้องในวัยเรียนต้องได้เรียนต่อในโรงเรียนเดิม;เมื่อท้องในวัยเรียนต้องได้เรียนต่อในโรงเรียนอื่น;เพื่อนๆ และ บุคลากรในสถานศึกษาไให้ความการยอมรับ และความช่วยเหลือ,ใช่,เพื่อน,ไม่แน่ใจ,ทักษะทางสังคม ได้แก่ การต่อรอง ความสามารถในการสื่อสาร การเข้าสังคม การทำงานเป็นทีม;ทักษะทางด้านสุขภาพ ได้แก่ การป้องกันโรค การสร้างเสริมสุขภาพ;ทักษะด้านสุขภาวะทางเพศ ได้แก่ ความสามารถในการตัดสินใจเรื่องเพศ การเคารพการตัดสินใจเรื่องเพศของผู้อื่น การไม่ล่วงละเมิดผู้อื่นในเรื่องเพศ การดูแลสุขภาพทางเพศของตัวเอง,พอ,สถานศึกษา;พ่อแม่ ญาติ ครอบครัว;เพื่อน ชุมชน ชมรม,กลุ่มข้าราชการ ทหาร ตำรวจ ครู,cyct,
18,ชาย,โสด,ยังไม่มีบุตร,สัญชาติไทย,สระแก้ว,สายสามัญ,มหาวิทยาลัย,มัธยมปลาย,ครอบครัว/พ่อแม่,พอมีพอกิน,ไม่มีข้อไหนเลย,บัตรทอง หลักประกันสุขภาพถ้วนหน้า;ได้สิทธิประกันสุขภาพในมหาวิทยาลัย,เรื่องเพศและสุขภาพทางเพศ;ยาเสพติด;อุบัติเหตุ,มาก ,มากที่สุด ,มาก ,สิทธิอนามัยการเจริญพันธุ์;การให้คำปรึกษาและรักษาข้อมูลส่วนตัว;การเรียนรู้การเปลี่ยนแปลงของร่างกาย เพื่อดูแล บำรุงได้อย่างถูกต้อง,เห็นด้วย,เห็นด้วย,เห็นด้วย,เห็นด้วย,มีบริการแก่วัยรุ่นในสถานที่อื่น ที่ไม่ใช่โรงพยาบาล;ให้คำปรึกษา และบริการอนามัยเจริญพันธ์ที่ได้มาตรฐาน;ให้ความรู้และคำแนะนำที่ทำให้วัยรุ่นสามารถตัดสินใจได้ด้วยตนเอง,มีมาตราการจากรัฐในการช่วยเหลือแม่วัยรุ่นหลังคลอดลูก;ทำให้วัยรุ่นมีความรู้ความเข้าใจเมื่อตั้งครรภ์ เพื่อให้วัยรุ่นสามารถตัดสินใจได้ว่าจะตั้งครรภ์ต่อหรือไม่;เพื่อนๆ และ บุคลากรในสถานศึกษาไให้ความการยอมรับ และความช่วยเหลือ,ใช่,อาสาสมัครสาธารณสุขมูลฐาน (อสม.),ไม่แน่ใจ,ทักษะทางสังคม ได้แก่ การต่อรอง ความสามารถในการสื่อสาร การเข้าสังคม การทำงานเป็นทีม;ทักษะในการจัดการด้านอารมณ์ ความรู้สึก ได้แก่ สามารถสื่อสารความต้องการของตนเอง การจัดการความโกรธ การยอมรับความหลากหลายทางความคิดในสังคม;ทักษะการวางแผนชีวิต ได้แก่ การประเมินลักษะณะการทำงานในอนาคต,พอ,ผู้เชี่ยวชาญเฉพาะด้าน เช่น เชฟ นักดนตรี;สถาบัน หรือ หน่วยงานเฉพาะด้าน;เพื่อน ชุมชน ชมรม,กลุ่มพนักงานประจำในบริษัทเอกชน
17,หญิง,โสด,ยังไม่มีบุตร,สัญชาติไทย,นนทบุรี,สายสามัญ,,มัธยมปลาย,ผู้ปกครองที่ไม่ใช่ญาติ,พอมีพอกิน,ไม่มีข้อไหนเลย,บัตรทอง หลักประกันสุขภาพถ้วนหน้า,เรื่องเพศและสุขภาพทางเพศ;ยาเสพติด;รู้สึกโดดเดี่ยว มีภาวะซึมเศร้า และการฆ่าตัวตาย,มาก ,ปานกลาง ,มากที่สุด ,การมีเพศสัมพันธ์ที่ปลอดภัย ไม่ท้อง ไม่ติดโรค;การให้คำปรึกษาและรักษาข้อมูลส่วนตัว;การตัดสินใจเรื่องความสัมพันธ์ทางเพศ,เห็นด้วย,เห็นด้วย,ไม่เห็นด้วย,เห็นด้วย,มีช่องทางการสื่อสาร รับคำปรึกษา และรับข้อมูลในโซเชียลมีเดียที่เหมาะกับวัยรุ่น;มีการรักษาข้อมูลและความเป็นส่วนตัวโดยผู้ให้บริการ;ให้ความรู้และคำแนะนำที่ทำให้วัยรุ่นสามารถตัดสินใจได้ด้วยตนเอง,เมื่อท้องในวัยเรียนต้องได้เรียนต่อในโรงเรียนเดิม;เพื่อนๆ และ บุคลากรในสถานศึกษาไให้ความการยอมรับ และความช่วยเหลือ;มีการสื่อสารสาธารณะเชิงบวกเรื่องสุขภาพทางเพศ,ใช่,ญาติ,ไม่แน่ใจ,ทักษะการวางแผนชีวิต ได้แก่ การประเมินลักษะณะการทำงานในอนาคต;ทักษะด้านสุขภาวะทางเพศ ได้แก่ ความสามารถในการตัดสินใจเรื่องเพศ การเคารพการตัดสินใจเรื่องเพศของผู้อื่น การไม่ล่วงละเมิดผู้อื่นในเรื่องเพศ การดูแลสุขภาพทางเพศของตัวเอง;ทักษะทางการเงิน ได้แก่ การวางแผนการใช้เงิน การออม การลงทุน การเป็นเจ้าของกิจการ,พอ,สถานศึกษา,กลุ่มข้าราชการ ทหาร ตำรวจ ครู
18,หญิง,โสด,ยังไม่มีบุตร,สัญชาติไทย,เลย,สายสามัญ,มัธยมปลาย,มัธยมต้น,ครอบครัว/พ่อแม่,พอมีพอกิน,ต้องอาศัยอยู่กับปู่ย่า/ตายาย,บัตรทอง หลักประกันสุขภาพถ้วนหน้า,รายได้ไม่พอรายจ่าย;ความรุนแรงในครอบครัว,ปานกลาง ,น้อยที่สุด ,ปานกลาง ,การเรียนรู้การเปลี่ยนแปลงของร่างกาย เพื่อดูแล บำรุงได้อย่างถูกต้อง;การตัดสินใจเรื่องความสัมพันธ์ทางเพศ;การให้คำปรึกษาและรักษาข้อมูลส่วนตัว,ไม่เห็นด้วย,ไม่เห็นด้วย,ไม่แน่ใจ,เห็นด้วย,มีช่องทางการสื่อสาร รับคำปรึกษา และรับข้อมูลในโซเชียลมีเดียที่เหมาะกับวัยรุ่น;มีการรักษาข้อมูลและความเป็นส่วนตัวโดยผู้ให้บริการ;มีบริการนอกเวลาราชการ,เมื่อท้องในวัยเรียนต้องได้เรียนต่อในโรงเรียนเดิม;เพื่อนๆ และ บุคลากรในสถานศึกษาไให้ความการยอมรับ และความช่วยเหลือ;ทำให้วัยรุ่นมีความรู้ความเข้าใจเมื่อตั้งครรภ์ เพื่อให้วัยรุ่นสามารถตัดสินใจได้ว่าจะตั้งครรภ์ต่อหรือไม่,ใช่,แม่,ไม่แน่ใจ ว่ามีบริการอนามัยการเจริญพันธุ์ ในพื้นที่ของฉัน,ทักษะทางสังคม ได้แก่ การต่อรอง ความสามารถในการสื่อสาร การเข้าสังคม การทำงานเป็นทีม;ทักษะทางการเงิน ได้แก่ การวางแผนการใช้เงิน การออม การลงทุน การเป็นเจ้าของกิจการ;ทักษะการวางแผนชีวิต ได้แก่ การประเมินลักษะณะการทำงานในอนาคต,พอ,สถานศึกษา;อินเตอร์เน็ต สื่อโซเชียล;ผู้เชี่ยวชาญเฉพาะด้าน เช่น เชฟ นักดนตรี,กลุ่มข้าราชการ ทหาร ตำรวจ ครู
19,ชาย,โสด,ยังไม่มีบุตร,สัญชาติไทย,ปทุมธานี,สายสามัญ,มหาวิทยาลัย,ปริญญาตรี,ครอบครัว/พ่อแม่,พอช่วยเหลือคนอื่นได้,ไม่มีข้อไหนเลย,บัตรทอง หลักประกันสุขภาพถ้วนหน้า;ประกันสุขภาพเอกชน;ได้สิทธิประกันสุขภาพในมหาวิทยาลัย,อุบัติเหตุ;ยาเสพติด;รู้สึกโดดเดี่ยว มีภาวะซึมเศร้า และการฆ่าตัวตาย,มากที่สุด ,มาก ,มากที่สุด ,การเรียนรู้การเปลี่ยนแปลงของร่างกาย เพื่อดูแล บำรุงได้อย่างถูกต้อง;การให้คำปรึกษาและรักษาข้อมูลส่วนตัว;การมีเพศสัมพันธ์ที่ปลอดภัย ไม่ท้อง ไม่ติดโรค,เห็นด้วย,ไม่เห็นด้วย,ไม่เห็นด้วย,เห็นด้วย,มีช่องทางการสื่อสาร รับคำปรึกษา และรับข้อมูลในโซเชียลมีเดียที่เหมาะกับวัยรุ่น;ให้ความรู้และคำแนะนำที่ทำให้วัยรุ่นสามารถตัดสินใจได้ด้วยตนเอง;ให้คำปรึกษา และบริการอนามัยเจริญพันธ์ที่ได้มาตรฐาน,เมื่อท้องในวัยเรียนต้องได้เรียนต่อในโรงเรียนเดิม;เพื่อนๆ และ บุคลากรในสถานศึกษาไให้ความการยอมรับ และความช่วยเหลือ;ทำให้วัยรุ่นมีความรู้ความเข้าใจเมื่อตั้งครรภ์ เพื่อให้วัยรุ่นสามารถตัดสินใจได้ว่าจะตั้งครรภ์ต่อหรือไม่,ใช่,เพื่อน,ไม่แน่ใจ ว่ามีบริการอนามัยการเจริญพันธุ์ ในพื้นที่ของฉัน,ทักษะการวางแผนชีวิต ได้แก่ การประเมินลักษะณะการทำงานในอนาคต;ทักษะในการจัดการด้านอารมณ์ ความรู้สึก ได้แก่ สามารถสื่อสารความต้องการของตนเอง การจัดการความโกรธ การยอมรับความหลากหลายทางความคิดในสังคม;ทักษะด้านสุขภาวะทางเพศ ได้แก่ ความสามารถในการตัดสินใจเรื่องเพศ การเคารพการตัดสินใจเรื่องเพศของผู้อื่น การไม่ล่วงละเมิดผู้อื่นในเรื่องเพศ การดูแลสุขภาพทางเพศของตัวเอง,พอ,สถานศึกษา;อินเตอร์เน็ต สื่อโซเชียล;สถาบัน หรือ หน่วยงานเฉพาะด้าน,กลุ่มข้าราชการ ทหาร ตำรวจ ครู
18,ชาย,โสด,ยังไม่มีบุตร,สัญชาติไทย,เชียงใหม่,สายสามัญ,มหาวิทยาลัย,มัธยมปลาย,ครอบครัว/พ่อแม่,พอมีพอกิน,ไม่มีข้อไหนเลย,บัตรทอง หลักประกันสุขภาพถ้วนหน้า;ประกันสังคม,ความรุนแรงในครอบครัว;การทุจริต คอรัปชั่น;ท้อง,ปานกลาง ,น้อยที่สุด ,ปานกลาง ,การคุมกำเนิด;ความหลากหลายทางเพศ;สิทธิอนามัยการเจริญพันธุ์,เห็นด้วย,เห็นด้วย,เห็นด้วย,เห็นด้วย,มีช่องทางการสื่อสาร รับคำปรึกษา และรับข้อมูลในโซเชียลมีเดียที่เหมาะกับวัยรุ่น;มีบริการแก่วัยรุ่นในสถานที่อื่น ที่ไม่ใช่โรงพยาบาล;มีบริการนอกเวลาราชการ,เมื่อท้องในวัยเรียนต้องได้เรียนต่อในโรงเรียนเดิม;เพื่อนๆ และ บุคลากรในสถานศึกษาไให้ความการยอมรับ และความช่วยเหลือ;ทำให้วัยรุ่นมีความรู้ความเข้าใจเมื่อตั้งครรภ์ เพื่อให้วัยรุ่นสามารถตัดสินใจได้ว่าจะตั้งครรภ์ต่อหรือไม่,ใช่,เพื่อน,ไม่แน่ใจ ว่าบริการอนามัยการเจริญพันธุ์ มีคุณภาพหรือไม่,ทักษะทางสังคม ได้แก่ การต่อรอง ความสามารถในการสื่อสาร การเข้าสังคม การทำงานเป็นทีม;ทักษะด้านสุขภาวะทางเพศ ได้แก่ ความสามารถในการตัดสินใจเรื่องเพศ การเคารพการตัดสินใจเรื่องเพศของผู้อื่น การไม่ล่วงละเมิดผู้อื่นในเรื่องเพศ การดูแลสุขภาพทางเพศของตัวเอง;ทักษะการสื่อสาร ได้แก่ ความเข้าใจภัยจากการใช้สื่อโซเชียลและอินเตอร์เนต การทำคลิปเพื่อสื่อสารในโซเชียล,พอ,สถานศึกษา;พ่อแม่ ญาติ ครอบครัว;สถาบัน หรือ หน่วยงานเฉพาะด้าน,กลุ่มการสื่อสาร เน็ตไอดอล นักข่าว
20,เพศทางเลือก,โสด,ยังไม่มีบุตร,สัญชาติไทย,พัทลุง,สายสามัญ,,มัธยมปลาย,อาศัยอยู่คนเดียว,พอมีพอกิน,ไม่มีข้อไหนเลย,บัตรทอง หลักประกันสุขภาพถ้วนหน้า;ประกันสุขภาพเอกชน,เรื่องเพศและสุขภาพทางเพศ;การกลั่นแกล้งในโลกออนไลน์;ยาเสพติด,น้อยที่สุด ,น้อย ,น้อย ,การเรียนรู้การเปลี่ยนแปลงของร่างกาย เพื่อดูแล บำรุงได้อย่างถูกต้อง;การมีเพศสัมพันธ์ที่ปลอดภัย ไม่ท้อง ไม่ติดโรค;ความหลากหลายทางเพศ,เห็นด้วย,เห็นด้วย,ไม่เห็นด้วย,เห็นด้วย,มีช่องทางการสื่อสาร รับคำปรึกษา และรับข้อมูลในโซเชียลมีเดียที่เหมาะกับวัยรุ่น;มีการรักษาข้อมูลและความเป็นส่วนตัวโดยผู้ให้บริการ;ให้ความรู้ความเข้าใจที่ถูกต้องเรื่องวิธีการคุมกำเนิดในแบบต่างๆ,เมื่อท้องในวัยเรียนต้องได้เรียนต่อในโรงเรียนเดิม;เพื่อนๆ และ บุคลากรในสถานศึกษาไให้ความการยอมรับ และความช่วยเหลือ;ทำให้วัยรุ่นมีความรู้ความเข้าใจเมื่อตั้งครรภ์ เพื่อให้วัยรุ่นสามารถตัดสินใจได้ว่าจะตั้งครรภ์ต่อหรือไม่,ใช่,เพื่อน,ไม่แน่ใจ,ทักษะทางสังคม ได้แก่ การต่อรอง ความสามารถในการสื่อสาร การเข้าสังคม การทำงานเป็นทีม;ทักษะด้านสุขภาวะทางเพศ ได้แก่ ความสามารถในการตัดสินใจเรื่องเพศ การเคารพการตัดสินใจเรื่องเพศของผู้อื่น การไม่ล่วงละเมิดผู้อื่นในเรื่องเพศ การดูแลสุขภาพทางเพศของตัวเอง;ทักษะการสื่อสาร ได้แก่ ความเข้าใจภัยจากการใช้สื่อโซเชียลและอินเตอร์เนต การทำคลิปเพื่อสื่อสารในโซเชียล,ไม่พอ,สถาบัน หรือ หน่วยงานเฉพาะด้าน;อินเตอร์เน็ต สื่อโซเชียล,กลุ่มข้าราชการ ทหาร ตำรวจ ครู
19,ชาย,โสด,ยังไม่มีบุตร,สัญชาติไทย,นครนายก,สายสามัญ,มหาวิทยาลัย,มัธยมปลาย,ครอบครัว/พ่อแม่,พอมีพอกิน,ไม่มีข้อไหนเลย,บัตรทอง หลักประกันสุขภาพถ้วนหน้า;ได้สิทธิประกันสุขภาพในมหาวิทยาลัย,เรื่องเพศและสุขภาพทางเพศ;ยาเสพติด,มากที่สุด ,มาก ,มาก ,การมีเพศสัมพันธ์ที่ปลอดภัย ไม่ท้อง ไม่ติดโรค;การให้คำปรึกษาและรักษาข้อมูลส่วนตัว;การเรียนรู้การเปลี่ยนแปลงของร่างกาย เพื่อดูแล บำรุงได้อย่างถูกต้อง,ไม่แน่ใจ,ไม่เห็นด้วย,เห็นด้วย,เห็นด้วย,มีการรักษาข้อมูลและความเป็นส่วนตัวโดยผู้ให้บริการ;ให้ความรู้ความเข้าใจที่ถูกต้องเรื่องวิธีการคุมกำเนิดในแบบต่างๆ;ให้ความรู้และคำแนะนำที่ทำให้วัยรุ่นสามารถตัดสินใจได้ด้วยตนเอง,เมื่อท้องในวัยเรียนต้องได้เรียนต่อในโรงเรียนเดิม;เมื่อท้องในวัยเรียนต้องได้เรียนต่อในโรงเรียนอื่น;เพื่อนๆ และ บุคลากรในสถานศึกษาไให้ความการยอมรับ และความช่วยเหลือ,ใช่,เพื่อน,พอใจ,ทักษะทางด้านสุขภาพ ได้แก่ การป้องกันโรค การสร้างเสริมสุขภาพ;ทักษะด้านสุขภาวะทางเพศ ได้แก่ ความสามารถในการตัดสินใจเรื่องเพศ การเคารพการตัดสินใจเรื่องเพศของผู้อื่น การไม่ล่วงละเมิดผู้อื่นในเรื่องเพศ การดูแลสุขภาพทางเพศของตัวเอง;ทักษะการวางแผนชีวิต ได้แก่ การประเมินลักษะณะการทำงานในอนาคต,พอ,สถาบัน หรือ หน่วยงานเฉพาะด้าน;สถานศึกษา;พ่อแม่ ญาติ ครอบครัว,กลุ่มข้าราชการ ทหาร ตำรวจ ครู
18,ชาย,โสด,ยังไม่มีบุตร,สัญชาติไทย,พะเยา,สายสามัญ,มัธยมปลาย,มัธยมปลาย,ครอบครัว/พ่อแม่,พอมีพอกิน,เป็นกลุ่มชาติพันธุ์,ประกันสังคม,การเจ็บป่วย ปัญหาสุขภาพ;อุบัติเหตุ;เรื่องเพศและสุขภาพทางเพศ,ปานกลาง ,ปานกลาง ,มาก ,การมีเพศสัมพันธ์ที่ปลอดภัย ไม่ท้อง ไม่ติดโรค;การตัดสินใจเรื่องความสัมพันธ์ทางเพศ;การเรียนรู้การเปลี่ยนแปลงของร่างกาย เพื่อดูแล บำรุงได้อย่างถูกต้อง,ไม่แน่ใจ,ไม่เห็นด้วย,เห็นด้วย,เห็นด้วย,มีบริการถุงยางฟรี;ให้คำปรึกษา และบริการอนามัยเจริญพันธ์ที่ได้มาตรฐาน;ให้ความรู้และคำแนะนำที่ทำให้วัยรุ่นสามารถตัดสินใจได้ด้วยตนเอง,เมื่อท้องในวัยเรียนต้องได้เรียนต่อในโรงเรียนเดิม;เพื่อนๆ และ บุคลากรในสถานศึกษาไให้ความการยอมรับ และความช่วยเหลือ;ทำให้วัยรุ่นมีความรู้ความเข้าใจเมื่อตั้งครรภ์ เพื่อให้วัยรุ่นสามารถตัดสินใจได้ว่าจะตั้งครรภ์ต่อหรือไม่,ใช่,แม่,พอใจ,ทักษะทางสังคม ได้แก่ การต่อรอง ความสามารถในการสื่อสาร การเข้าสังคม การทำงานเป็นทีม;ทักษะทางด้านสุขภาพ ได้แก่ การป้องกันโรค การสร้างเสริมสุขภาพ;ทักษะด้านสุขภาวะทางเพศ ได้แก่ ความสามารถในการตัดสินใจเรื่องเพศ การเคารพการตัดสินใจเรื่องเพศของผู้อื่น การไม่ล่วงละเมิดผู้อื่นในเรื่องเพศ การดูแลสุขภาพทางเพศของตัวเอง,พอ,เพื่อน ชุมชน ชมรม;สถานศึกษา;อินเตอร์เน็ต สื่อโซเชียล,กลุ่มอาชีพอิสระ เช่น นักแสดงนักร้อง นักดนตรี ศิลปินสร้างงานศิลปะ นักกีฬา เชพ นักแปล
22,เพศทางเลือก,โสด,ยังไม่มีบุตร,สัญชาติไทย,เพชรบูรณ์,อุดมศึกษา,,ปริญญาตรี,ครอบครัว/พ่อแม่,ยากจน,ต้องอาศัยอยู่กับปู่ย่า/ตายาย;อยู่กับแม่เลี้ยงเดี่ยว,ไม่รู้ว่ามีหรือไม่,เรื่องเพศและสุขภาพทางเพศ;รู้สึกโดดเดี่ยว มีภาวะซึมเศร้า และการฆ่าตัวตาย;การกลั่นแกล้งในโลกออนไลน์,น้อย ,น้อย ,น้อย ,ความหลากหลายทางเพศ;การตัดสินใจเรื่องความสัมพันธ์ทางเพศ;สิทธิอนามัยการเจริญพันธุ์,เห็นด้วย,ไม่เห็นด้วย,ไม่เห็นด้วย,เห็นด้วย,มีบริการนอกเวลาราชการ;มีบริการแก่วัยรุ่นในสถานที่อื่น ที่ไม่ใช่โรงพยาบาล;ให้ความรู้และคำแนะนำที่ทำให้วัยรุ่นสามารถตัดสินใจได้ด้วยตนเอง,เมื่อท้องในวัยเรียนต้องได้เรียนต่อในโรงเรียนเดิม;เพื่อนๆ และ บุคลากรในสถานศึกษาไให้ความการยอมรับ และความช่วยเหลือ;มีมาตราการจากรัฐในการช่วยเหลือแม่วัยรุ่นหลังคลอดลูก,ใช่,เพื่อน,ไม่แน่ใจ,ทักษะทางการเงิน ได้แก่ การวางแผนการใช้เงิน การออม การลงทุน การเป็นเจ้าของกิจการ;ทักษะในการจัดการด้านอารมณ์ ความรู้สึก ได้แก่ สามารถสื่อสารความต้องการของตนเอง การจัดการความโกรธ การยอมรับความหลากหลายทางความคิดในสังคม;ทักษะการสื่อสาร ได้แก่ ความเข้าใจภัยจากการใช้สื่อโซเชียลและอินเตอร์เนต การทำคลิปเพื่อสื่อสารในโซเชียล,พอ,อินเตอร์เน็ต สื่อโซเชียล;ผู้เชี่ยวชาญเฉพาะด้าน เช่น เชฟ นักดนตรี;สถาบัน หรือ หน่วยงานเฉพาะด้าน,กลุ่มอาชีพอิสระ เช่น นักแสดงนักร้อง นักดนตรี ศิลปินสร้างงานศิลปะ นักกีฬา เชพ นักแปล
18,ชาย,โสด,ยังไม่มีบุตร,สัญชาติไทย,พะเยา,สายสามัญ,มัธยมปลาย,มัธยมปลาย,ครอบครัว/พ่อแม่,พอมีพอกิน,อยู่กับพ่อแม่,บัตรทอง หลักประกันสุขภาพถ้วนหน้า,เรื่องเพศและสุขภาพทางเพศ;อุบัติเหตุ;ยาเสพติด,มากที่สุด ,ปานกลาง ,มาก ,การเรียนรู้การเปลี่ยนแปลงของร่างกาย เพื่อดูแล บำรุงได้อย่างถูกต้อง;ความหลากหลายทางเพศ,เห็นด้วย,ไม่เห็นด้วย,ไม่เห็นด้วย,เห็นด้วย,มีช่องทางการสื่อสาร รับคำปรึกษา และรับข้อมูลในโซเชียลมีเดียที่เหมาะกับวัยรุ่น;มีการรักษาข้อมูลและความเป็นส่วนตัวโดยผู้ให้บริการ;ให้ความรู้และคำแนะนำที่ทำให้วัยรุ่นสามารถตัดสินใจได้ด้วยตนเอง,เมื่อท้องในวัยเรียนต้องได้เรียนต่อในโรงเรียนเดิม;เพื่อนๆ และ บุคลากรในสถานศึกษาไให้ความการยอมรับ และความช่วยเหลือ;มีมาตราการจากรัฐในการช่วยเหลือแม่วัยรุ่นหลังคลอดลูก,ใช่,ครู,ไม่แน่ใจ ว่าบริการอนามัยการเจริญพันธุ์ มีคุณภาพหรือไม่,ทักษะทางสังคม ได้แก่ การต่อรอง ความสามารถในการสื่อสาร การเข้าสังคม การทำงานเป็นทีม;ทักษะทางด้านสุขภาพ ได้แก่ การป้องกันโรค การสร้างเสริมสุขภาพ;ทักษะการสื่อสาร ได้แก่ ความเข้าใจภัยจากการใช้สื่อโซเชียลและอินเตอร์เนต การทำคลิปเพื่อสื่อสารในโซเชียล,พอ,สถานศึกษา;อินเตอร์เน็ต สื่อโซเชียล,กลุ่มข้าราชการ ทหาร ตำรวจ ครู
17,ชาย,โสด,ยังไม่มีบุตร,สัญชาติไทย,ปราจีนบุรี,สายสามัญ,มัธยมปลาย,มัธยมต้น,ครอบครัว/พ่อแม่,พอมีพอกิน,มีสมาชิกในครอบครัวเป็นผู้พิการ,บัตรทอง หลักประกันสุขภาพถ้วนหน้า,รู้สึกโดดเดี่ยว มีภาวะซึมเศร้า และการฆ่าตัวตาย;อุบัติเหตุ;เรื่องเพศและสุขภาพทางเพศ,,ความหลากหลายทางเพศ;สิทธิอนามัยการเจริญพันธุ์;การให้คำปรึกษาและรักษาข้อมูลส่วนตัว,เห็นด้วย,เห็นด้วย,เห็นด้วย,เห็นด้วย,มีช่องทางการสื่อสาร รับคำปรึกษา และรับข้อมูลในโซเชียลมีเดียที่เหมาะกับวัยรุ่น;มีการรักษาข้อมูลและความเป็นส่วนตัวโดยผู้ให้บริการ;มีบริการแก่วัยรุ่นในสถานที่อื่น ที่ไม่ใช่โรงพยาบาล,เมื่อท้องในวัยเรียนต้องได้เรียนต่อในโรงเรียนเดิม;เพื่อนๆ และ บุคลากรในสถานศึกษาไให้ความการยอมรับ และความช่วยเหลือ;ทำให้วัยรุ่นมีความรู้ความเข้าใจเมื่อตั้งครรภ์ เพื่อให้วัยรุ่นสามารถตัดสินใจได้ว่าจะตั้งครรภ์ต่อหรือไม่,ใช่,พ่อ,ไม่แน่ใจ,ทักษะทางสังคม ได้แก่ การต่อรอง ความสามารถในการสื่อสาร การเข้าสังคม การทำงานเป็นทีม;ทักษะทางด้านสุขภาพ ได้แก่ การป้องกันโรค การสร้างเสริมสุขภาพ;ทักษะด้านสุขภาวะทางเพศ ได้แก่ ความสามารถในการตัดสินใจเรื่องเพศ การเคารพการตัดสินใจเรื่องเพศของผู้อื่น การไม่ล่วงละเมิดผู้อื่นในเรื่องเพศ การดูแลสุขภาพทางเพศของตัวเอง,ไม่พอ,สถานศึกษา;อินเตอร์เน็ต สื่อโซเชียล;ผู้เชี่ยวชาญเฉพาะด้าน เช่น เชฟ นักดนตรี,กลุ่มข้าราชการ ทหาร ตำรวจ ครู,,
19,หญิง,โสด,ยังไม่มีบุตร,สัญชาติไทย,นครปฐม,อุดมศึกษา,มหาวิทยาลัย,มัธยมปลาย,ครอบครัว/พ่อแม่,พอมีพอกิน,ไม่มีข้อไหนเลย,สวัสดิการบุตรข้าราชการ/ข้าราชการบำนาญ,เรื่องเพศและสุขภาพทางเพศ;รู้สึกโดดเดี่ยว มีภาวะซึมเศร้า และการฆ่าตัวตาย;การกลั่นแกล้งในโลกออนไลน์,มาก ,มาก ,มาก ,,ไม่เห็นด้วย,เห็นด้วย,ไม่แน่ใจ,ไม่แน่ใจ,มีช่องทางการสื่อสาร รับคำปรึกษา และรับข้อมูลในโซเชียลมีเดียที่เหมาะกับวัยรุ่น;มีบริการแก่วัยรุ่นในสถานที่อื่น ที่ไม่ใช่โรงพยาบาล;ให้ความรู้ความเข้าใจที่ถูกต้องเรื่องวิธีการคุมกำเนิดในแบบต่างๆ,เมื่อท้องในวัยเรียนต้องได้เรียนต่อในโรงเรียนเดิม;มีมาตราการจากรัฐในการช่วยเหลือแม่วัยรุ่นหลังคลอดลูก;มีการสื่อสารสาธารณะเชิงบวกเรื่องสุขภาพทางเพศ,ไม่แน่ใจ,เพื่อน,ไม่แน่ใจ,ทักษะทางสังคม ได้แก่ การต่อรอง ความสามารถในการสื่อสาร การเข้าสังคม การทำงานเป็นทีม;ทักษะในการจัดการด้านอารมณ์ ความรู้สึก ได้แก่ สามารถสื่อสารความต้องการของตนเอง การจัดการความโกรธ การยอมรับความหลากหลายทางความคิดในสังคม;ทักษะการสื่อสาร ได้แก่ ความเข้าใจภัยจากการใช้สื่อโซเชียลและอินเตอร์เนต การทำคลิปเพื่อสื่อสารในโซเชียล,พอ,เพื่อน ชุมชน ชมรม;ผู้เชี่ยวชาญเฉพาะด้าน เช่น เชฟ นักดนตรี;สถานศึกษา,กลุ่มข้าราชการ ทหาร ตำรวจ ครู
18,ชาย,โสด,ยังไม่มีบุตร,สัญชาติไทย,กรุงเทพมหานคร,สายสามัญ,มหาวิทยาลัย,มัธยมปลาย,อาศัยอยู่คนเดียว,ยากจน,ต้องอาศัยอยู่กับปู่ย่า/ตายาย,บัตรทอง หลักประกันสุขภาพถ้วนหน้า;ได้สิทธิประกันสุขภาพในมหาวิทยาลัย,รู้สึกโดดเดี่ยว มีภาวะซึมเศร้า และการฆ่าตัวตาย;ความรุนแรงในครอบครัว;การกลั่นแกล้งในโลกออนไลน์;ยาเสพติด,มากที่สุด ,ปานกลาง ,มากที่สุด ,การให้คำปรึกษาและรักษาข้อมูลส่วนตัว;การเรียนรู้การเปลี่ยนแปลงของร่างกาย เพื่อดูแล บำรุงได้อย่างถูกต้อง;,ไม่แน่ใจ,ไม่แน่ใจ,ไม่แน่ใจ,เห็นด้วย,มีช่องทางการสื่อสาร รับคำปรึกษา และรับข้อมูลในโซเชียลมีเดียที่เหมาะกับวัยรุ่น,เพื่อนๆ และ บุคลากรในสถานศึกษาไให้ความการยอมรับ และความช่วยเหลือ;เมื่อท้องในวัยเรียนต้องได้เรียนต่อในโรงเรียนเดิม;มีมาตราการจากรัฐในการช่วยเหลือแม่วัยรุ่นหลังคลอดลูก,ใช่,เพื่อน,ไม่แน่ใจ ว่ามีบริการอนามัยการเจริญพันธุ์ ในพื้นที่ของฉัน,ทักษะในการจัดการด้านอารมณ์ ความรู้สึก ได้แก่ สามารถสื่อสารความต้องการของตนเอง การจัดการความโกรธ การยอมรับความหลากหลายทางความคิดในสังคม,พอ,สถานศึกษา;อินเตอร์เน็ต สื่อโซเชียล,กลุ่มผู้ประกอบการ นักลงทุน เจ้าของกิจการ
17,ชาย,โสด,ยังไม่มีบุตร,สัญชาติไทย,เชียงใหม่,สายสามัญ,มัธยมปลาย,มัธยมต้น,ครอบครัว/พ่อแม่,พอมีพอกิน,ไม่มีข้อไหนเลย,บัตรทอง หลักประกันสุขภาพถ้วนหน้า;ไม่รู้ว่ามีหรือไม่,อุบัติเหตุ;ตกงาน ไม่มีงานทำ;ยาเสพติด,น้อย ,ปานกลาง ,ปานกลาง ,การเรียนรู้การเปลี่ยนแปลงของร่างกาย เพื่อดูแล บำรุงได้อย่างถูกต้อง;การตัดสินใจเรื่องความสัมพันธ์ทางเพศ;การมีเพศสัมพันธ์ที่ปลอดภัย ไม่ท้อง ไม่ติดโรค,ไม่เห็นด้วย,ไม่เห็นด้วย,เห็นด้วย,เห็นด้วย,มีบริการแก่วัยรุ่นในสถานที่อื่น ที่ไม่ใช่โรงพยาบาล;มีช่องทางการสื่อสาร รับคำปรึกษา และรับข้อมูลในโซเชียลมีเดียที่เหมาะกับวัยรุ่น;มีบริการถุงยางฟรี,เมื่อท้องในวัยเรียนต้องได้เรียนต่อในโรงเรียนอื่น;ทำให้วัยรุ่นมีความรู้ความเข้าใจเมื่อตั้งครรภ์ เพื่อให้วัยรุ่นสามารถตัดสินใจได้ว่าจะตั้งครรภ์ต่อหรือไม่;เพื่อนๆ และ บุคลากรในสถานศึกษาไให้ความการยอมรับ และความช่วยเหลือ;เมื่อท้องในวัยเรียนต้องได้เรียนต่อในโรงเรียนเดิม,ไม่แน่ใจ,แม่,พอใจ,ทักษะทางสังคม ได้แก่ การต่อรอง ความสามารถในการสื่อสาร การเข้าสังคม การทำงานเป็นทีม;ทักษะทางด้านสุขภาพ ได้แก่ การป้องกันโรค การสร้างเสริมสุขภาพ;ทักษะการวางแผนชีวิต ได้แก่ การประเมินลักษะณะการทำงานในอนาคต,ไม่พอ,พ่อแม่ ญาติ ครอบครัว;เพื่อน ชุมชน ชมรม;ผู้เชี่ยวชาญเฉพาะด้าน เช่น เชฟ นักดนตรี,กลุ่มไม่แสวงหาผลกำไร เช่น นักบวช อาสาสมัคร
17,เพศทางเลือก,โสด,ยังไม่มีบุตร,สัญชาติไทย,ชัยนาท,สายสามัญ,มัธยมปลาย,มัธยมต้น,ครอบครัว/พ่อแม่,พอมีพอกิน,ไม่มีข้อไหนเลย,ไม่รู้ว่ามีหรือไม่,อุบัติเหตุ,มาก ,ปานกลาง ,ปานกลาง ,การเรียนรู้การเปลี่ยนแปลงของร่างกาย เพื่อดูแล บำรุงได้อย่างถูกต้อง;การมีเพศสัมพันธ์ที่ปลอดภัย ไม่ท้อง ไม่ติดโรค,เห็นด้วย,ไม่แน่ใจ,เห็นด้วย,เห็นด้วย,มีช่องทางการสื่อสาร รับคำปรึกษา และรับข้อมูลในโซเชียลมีเดียที่เหมาะกับวัยรุ่น;มีบริการแก่วัยรุ่นในสถานที่อื่น ที่ไม่ใช่โรงพยาบาล,เมื่อท้องในวัยเรียนต้องได้เรียนต่อในโรงเรียนเดิม,ใช่,แม่,พอใจ,ทักษะทางสังคม ได้แก่ การต่อรอง ความสามารถในการสื่อสาร การเข้าสังคม การทำงานเป็นทีม;ทักษะทางการเงิน ได้แก่ การวางแผนการใช้เงิน การออม การลงทุน การเป็นเจ้าของกิจการ,พอ,สถานศึกษา,กลุ่มอาชีพอิสระ เช่น นักแสดงนักร้อง นักดนตรี ศิลปินสร้างงานศิลปะ นักกีฬา เชพ นักแปล
25,หญิง,โสด,มีบุตรแล้ว,สัญชาติไทย,เชียงใหม่,อุดมศึกษา,มหาวิทยาลัย,ปริญญาตรี,ครอบครัว/พ่อแม่,พอมีพอกิน,ไม่มีข้อไหนเลย,ประกันสังคม,อุบัติเหตุ;เรื่องเพศและสุขภาพทางเพศ;ยาเสพติด,น้อยที่สุด ,น้อยที่สุด ,น้อยที่สุด ,การคุมกำเนิด;2)สิทธิวัยรุ่น 3)สถานบริการที่ให้คำปรึกษาได้ในชุมชน ที่รักษาความลับความเป็นส่วนตัว,เห็นด้วย,ไม่แน่ใจ,เห็นด้วย,เห็นด้วย,มีบริการนอกเวลาราชการ;มีบริการแก่วัยรุ่นในสถานที่อื่น ที่ไม่ใช่โรงพยาบาล;ให้ความรู้และคำแนะนำที่ทำให้วัยรุ่นสามารถตัดสินใจได้ด้วยตนเอง,เมื่อท้องในวัยเรียนต้องได้เรียนต่อในโรงเรียนเดิม;ทำให้วัยรุ่นมีความรู้ความเข้าใจเมื่อตั้งครรภ์ เพื่อให้วัยรุ่นสามารถตัดสินใจได้ว่าจะตั้งครรภ์ต่อหรือไม่;เพื่อนๆ และ บุคลากรในสถานศึกษาไให้ความการยอมรับ และความช่วยเหลือ,ใช่,เพื่อน,ไม่แน่ใจ ว่ามีบริการอนามัยการเจริญพันธุ์ ในพื้นที่ของฉัน,ทักษะทางสังคม ได้แก่ การต่อรอง ความสามารถในการสื่อสาร การเข้าสังคม การทำงานเป็นทีม;ทักษะด้านสุขภาวะทางเพศ ได้แก่ ความสามารถในการตัดสินใจเรื่องเพศ การเคารพการตัดสินใจเรื่องเพศของผู้อื่น การไม่ล่วงละเมิดผู้อื่นในเรื่องเพศ การดูแลสุขภาพทางเพศของตัวเอง;ทักษะการสื่อสาร ได้แก่ ความเข้าใจภัยจากการใช้สื่อโซเชียลและอินเตอร์เนต การทำคลิปเพื่อสื่อสารในโซเชียล,ไม่พอ,สถานศึกษา;อินเตอร์เน็ต สื่อโซเชียล;ผู้เชี่ยวชาญเฉพาะด้าน เช่น เชฟ นักดนตรี,กลุ่มไม่แสวงหาผลกำไร เช่น นักบวช อาสาสมัคร
18,หญิง,โสด,ยังไม่มีบุตร,สัญชาติไทย,ตรัง,สายสามัญ,,มัธยมปลาย,ครอบครัว/พ่อแม่,พอมีพอกิน,อยู่กับพ่อแม่ครอบครัวพร้อมหน้าพร้อมตา,สวัสดิการบุตรข้าราชการ/ข้าราชการบำนาญ,การกลั่นแกล้งในโลกออนไลน์;การทุจริต คอรัปชั่น;การศึ,ไม่มี ,น้อย ,มาก ,การเรียนรู้การเปลี่ยนแปลงของร่างกาย เพื่อดูแล บำรุงได้อย่างถูกต้อง;การคุมกำเนิด;การมีเพศสัมพันธ์ที่ปลอดภัย ไม่ท้อง ไม่ติดโรค;สิทธิอนามัยการเจริญพันธุ์;การให้คำปรึกษาและรักษาข้อมูลส่วนตัว,ไม่แน่ใจ,ไม่แน่ใจ,ไม่แน่ใจ,เห็นด้วย,มีช่องทางการสื่อสาร รับคำปรึกษา และรับข้อมูลในโซเชียลมีเดียที่เหมาะกับวัยรุ่น;มีการรักษาข้อมูลและความเป็นส่วนตัวโดยผู้ให้บริการ;มีบริการนอกเวลาราชการ;มีบริการแก่วัยรุ่นในสถานที่อื่น ที่ไม่ใช่โรงพยาบาล;ให้ความรู้ความเข้าใจที่ถูกต้องเรื่องวิธีการคุมกำเนิดในแบบต่างๆ;มีบริการถุงยางฟรี;ให้คำปรึกษา และบริการอนามัยเจริญพันธ์ที่ได้มาตรฐาน;ให้ความรู้และคำแนะนำที่ทำให้วัยรุ่นสามารถตัดสินใจได้ด้วยตนเอง,เมื่อท้องในวัยเรียนต้องได้เรียนต่อในโรงเรียนเดิม;เมื่อท้องในวัยเรียนต้องได้เรียนต่อในโรงเรียนอื่น;เพื่อนๆ และ บุคลากรในสถานศึกษาไให้ความการยอมรับ และความช่วยเหลือ;ทำให้วัยรุ่นมีความรู้ความเข้าใจเมื่อตั้งครรภ์ เพื่อให้วัยรุ่นสามารถตัดสินใจได้ว่าจะตั้งครรภ์ต่อหรือไม่;มีมาตราการจากรัฐในการช่วยเหลือแม่วัยรุ่นหลังคลอดลูก;มีการสื่อสารสาธารณะเชิงบวกเรื่องสุขภาพทางเพศ,ใช่,เพื่อน,ไม่แน่ใจ ว่าบริการอนามัยการเจริญพันธุ์ มีคุณภาพหรือไม่,ทักษะทางสังคม ได้แก่ การต่อรอง ความสามารถในการสื่อสาร การเข้าสังคม การทำงานเป็นทีม;ทักษะด้านสุขภาวะทางเพศ ได้แก่ ความสามารถในการตัดสินใจเรื่องเพศ การเคารพการตัดสินใจเรื่องเพศของผู้อื่น การไม่ล่วงละเมิดผู้อื่นในเรื่องเพศ การดูแลสุขภาพทางเพศของตัวเอง;ทักษะในการจัดการด้านอารมณ์ ความรู้สึก ได้แก่ สามารถสื่อสารความต้องการของตนเอง การจัดการความโกรธ การยอมรับความหลากหลายทางความคิดในสังคม;ทักษะการสื่อสาร ได้แก่ ความเข้าใจภัยจากการใช้สื่อโซเชียลและอินเตอร์เนต การทำคลิปเพื่อสื่อสารในโซเชียล;ทักษะการวางแผนชีวิต ได้แก่ การประเมินลักษะณะการทำงานในอนาคต;ทักษะทางการเงิน ได้แก่ การวางแผนการใช้เงิน การออม การลงทุน การเป็นเจ้าของกิจการ;ทักษะทางด้านสุขภาพ ได้แก่ การป้องกันโรค การสร้างเสริมสุขภาพ,พอ,สถานศึกษา;พ่อแม่ ญาติ ครอบครัว;อินเตอร์เน็ต สื่อโซเชียล,กลุ่มผู้ประกอบการ นักลงทุน เจ้าของกิจการ
21,ชาย,โสด,ยังไม่มีบุตร,สัญชาติไทย,ตาก,สายอาชีพ,ปวส.,ปวช.,ครอบครัว/พ่อแม่,พอมีพอกิน,ไม่มีข้อไหนเลย,ประกันสุขภาพเอกชน,การเจ็บป่วย ปัญหาสุขภาพ;อุบัติเหตุ;ยาเสพติด,มาก ,น้อย ,ปานกลาง ,การมีเพศสัมพันธ์ที่ปลอดภัย ไม่ท้อง ไม่ติดโรค;สิทธิอนามัยการเจริญพันธุ์;การเรียนรู้การเปลี่ยนแปลงของร่างกาย เพื่อดูแล บำรุงได้อย่างถูกต้อง,เห็นด้วย,ไม่แน่ใจ,ไม่แน่ใจ,เห็นด้วย,มีบริการแก่วัยรุ่นในสถานที่อื่น ที่ไม่ใช่โรงพยาบาล;ให้ความรู้และคำแนะนำที่ทำให้วัยรุ่นสามารถตัดสินใจได้ด้วยตนเอง;มีช่องทางการสื่อสาร รับคำปรึกษา และรับข้อมูลในโซเชียลมีเดียที่เหมาะกับวัยรุ่น,เมื่อท้องในวัยเรียนต้องได้เรียนต่อในโรงเรียนเดิม;เพื่อนๆ และ บุคลากรในสถานศึกษาไให้ความการยอมรับ และความช่วยเหลือ;ทำให้วัยรุ่นมีความรู้ความเข้าใจเมื่อตั้งครรภ์ เพื่อให้วัยรุ่นสามารถตัดสินใจได้ว่าจะตั้งครรภ์ต่อหรือไม่,ใช่,ญาติ,พอใจ,ทักษะทางด้านสุขภาพ ได้แก่ การป้องกันโรค การสร้างเสริมสุขภาพ;ทักษะทางสังคม ได้แก่ การต่อรอง ความสามารถในการสื่อสาร การเข้าสังคม การทำงานเป็นทีม;ทักษะด้านสุขภาวะทางเพศ ได้แก่ ความสามารถในการตัดสินใจเรื่องเพศ การเคารพการตัดสินใจเรื่องเพศของผู้อื่น การไม่ล่วงละเมิดผู้อื่นในเรื่องเพศ การดูแลสุขภาพทางเพศของตัวเอง,พอ,สถานศึกษา;สถาบัน หรือ หน่วยงานเฉพาะด้าน;เพื่อน ชุมชน ชมรม,กลุ่มผู้ประกอบการ นักลงทุน เจ้าของกิจการ
16,ชาย,โสด,ยังไม่มีบุตร,สัญชาติไทย,พังงา,การศึกษานอกโรงเรียน (กศน.),มัธยมปลาย,มัธยมต้น,ครอบครัว/พ่อแม่,พอช่วยเหลือคนอื่นได้,ไม่มีข้อไหนเลย,บัตรทอง หลักประกันสุขภาพถ้วนหน้า,ความรุนแรงในครอบครัว;เรื่องเพศและสุขภาพทางเพศ;รู้สึกโดดเดี่ยว มีภาวะซึมเศร้า และการฆ่าตัวตาย,ปานกลาง ,น้อย ,น้อย ,การเรียนรู้การเปลี่ยนแปลงของร่างกาย เพื่อดูแล บำรุงได้อย่างถูกต้อง;สิทธิอนามัยการเจริญพันธุ์;การให้คำปรึกษาและรักษาข้อมูลส่วนตัว,ไม่แน่ใจ,เห็นด้วย,ไม่แน่ใจ,ไม่แน่ใจ,ให้คำปรึกษา และบริการอนามัยเจริญพันธ์ที่ได้มาตรฐาน;ให้ความรู้และคำแนะนำที่ทำให้วัยรุ่นสามารถตัดสินใจได้ด้วยตนเอง;มีบริการนอกเวลาราชการ,เมื่อท้องในวัยเรียนต้องได้เรียนต่อในโรงเรียนเดิม;เมื่อท้องในวัยเรียนต้องได้เรียนต่อในโรงเรียนอื่น;ทำให้วัยรุ่นมีความรู้ความเข้าใจเมื่อตั้งครรภ์ เพื่อให้วัยรุ่นสามารถตัดสินใจได้ว่าจะตั้งครรภ์ต่อหรือไม่,ใช่,แม่,ไม่แน่ใจ ว่ามีบริการอนามัยการเจริญพันธุ์ ในพื้นที่ของฉัน,ทักษะทางสังคม ได้แก่ การต่อรอง ความสามารถในการสื่อสาร การเข้าสังคม การทำงานเป็นทีม;ทักษะด้านสุขภาวะทางเพศ ได้แก่ ความสามารถในการตัดสินใจเรื่องเพศ การเคารพการตัดสินใจเรื่องเพศของผู้อื่น การไม่ล่วงละเมิดผู้อื่นในเรื่องเพศ การดูแลสุขภาพทางเพศของตัวเอง;ทักษะในการจัดการด้านอารมณ์ ความรู้สึก ได้แก่ สามารถสื่อสารความต้องการของตนเอง การจัดการความโกรธ การยอมรับความหลากหลายทางความคิดในสังคม,ไม่พอ,สถาบัน หรือ หน่วยงานเฉพาะด้าน;สถานศึกษา;อินเตอร์เน็ต สื่อโซเชียล,กลุ่มผู้ประกอบการ นักลงทุน เจ้าของกิจการ
20,เพศทางเลือก,โสด,ยังไม่มีบุตร,สัญชาติไทย,ราชบุรี,สายสามัญ,มหาวิทยาลัย,มัธยมปลาย,ครอบครัว/พ่อแม่,พอช่วยเหลือคนอื่นได้,ไม่มีข้อไหนเลย,บัตรทอง หลักประกันสุขภาพถ้วนหน้า;สวัสดิการบุตรข้าราชการ/ข้าราชการบำนาญ;ได้สิทธิประกันสุขภาพในมหาวิทยาลัย,รู้สึกโดดเดี่ยว มีภาวะซึมเศร้า และการฆ่าตัวตาย;เรื่องเพศและสุขภาพทางเพศ;การกลั่นแกล้งในโลกออนไลน์,,การตัดสินใจเรื่องความสัมพันธ์ทางเพศ;การมีเพศสัมพันธ์ที่ปลอดภัย ไม่ท้อง ไม่ติดโรค;สิทธิอนามัยการเจริญพันธุ์,ไม่แน่ใจ,เห็นด้วย,เห็นด้วย,ไม่แน่ใจ,มีช่องทางการสื่อสาร รับคำปรึกษา และรับข้อมูลในโซเชียลมีเดียที่เหมาะกับวัยรุ่น;มีการรักษาข้อมูลและความเป็นส่วนตัวโดยผู้ให้บริการ;ให้ความรู้และคำแนะนำที่ทำให้วัยรุ่นสามารถตัดสินใจได้ด้วยตนเอง,เมื่อท้องในวัยเรียนต้องได้เรียนต่อในโรงเรียนเดิม;เพื่อนๆ และ บุคลากรในสถานศึกษาไให้ความการยอมรับ และความช่วยเหลือ;มีมาตราการจากรัฐในการช่วยเหลือแม่วัยรุ่นหลังคลอดลูก,ใช่,แม่,พอใจ,ทักษะทางสังคม ได้แก่ การต่อรอง ความสามารถในการสื่อสาร การเข้าสังคม การทำงานเป็นทีม;ทักษะในการจัดการด้านอารมณ์ ความรู้สึก ได้แก่ สามารถสื่อสารความต้องการของตนเอง การจัดการความโกรธ การยอมรับความหลากหลายทางความคิดในสังคม;ทักษะการวางแผนชีวิต ได้แก่ การประเมินลักษะณะการทำงานในอนาคต,ไม่พอ,สถานศึกษา;พ่อแม่ ญาติ ครอบครัว;อินเตอร์เน็ต สื่อโซเชียล,กลุ่มข้าราชการ ทหาร ตำรวจ ครู,,
15,หญิง,โสด,ยังไม่มีบุตร,สัญชาติไทย,พังงา,สายสามัญ,มัธยมต้น,มัธยมต้น,ครอบครัว/พ่อแม่,พอมีพอกิน,ต้องอาศัยอยู่กับปู่ย่า/ตายาย,บัตรทอง หลักประกันสุขภาพถ้วนหน้า;ประกันสังคม,การเจ็บป่วย ปัญหาสุขภาพ;อุบัติเหตุ;รู้สึกโดดเดี่ยว มีภาวะซึมเศร้า และการฆ่าตัวตาย,มาก ,มาก ,มาก ,การเรียนรู้การเปลี่ยนแปลงของร่างกาย เพื่อดูแล บำรุงได้อย่างถูกต้อง;การให้คำปรึกษาและรักษาข้อมูลส่วนตัว;สิทธิอนามัยการเจริญพันธุ์,เห็นด้วย,เห็นด้วย,เห็นด้วย,เห็นด้วย,มีช่องทางการสื่อสาร รับคำปรึกษา และรับข้อมูลในโซเชียลมีเดียที่เหมาะกับวัยรุ่น;มีบริการแก่วัยรุ่นในสถานที่อื่น ที่ไม่ใช่โรงพยาบาล;ให้คำปรึกษา และบริการอนามัยเจริญพันธ์ที่ได้มาตรฐาน,เพื่อนๆ และ บุคลากรในสถานศึกษาไให้ความการยอมรับ และความช่วยเหลือ;มีมาตราการจากรัฐในการช่วยเหลือแม่วัยรุ่นหลังคลอดลูก;มีการสื่อสารสาธารณะเชิงบวกเรื่องสุขภาพทางเพศ,ใช่,แม่,ไม่แน่ใจ ว่ามีบริการอนามัยการเจริญพันธุ์ ในพื้นที่ของฉัน,ทักษะทางสังคม ได้แก่ การต่อรอง ความสามารถในการสื่อสาร การเข้าสังคม การทำงานเป็นทีม;ทักษะด้านสุขภาวะทางเพศ ได้แก่ ความสามารถในการตัดสินใจเรื่องเพศ การเคารพการตัดสินใจเรื่องเพศของผู้อื่น การไม่ล่วงละเมิดผู้อื่นในเรื่องเพศ การดูแลสุขภาพทางเพศของตัวเอง;ทักษะในการจัดการด้านอารมณ์ ความรู้สึก ได้แก่ สามารถสื่อสารความต้องการของตนเอง การจัดการความโกรธ การยอมรับความหลากหลายทางความคิดในสังคม;ทักษะการวางแผนชีวิต ได้แก่ การประเมินลักษะณะการทำงานในอนาคต;ทักษะการสื่อสาร ได้แก่ ความเข้าใจภัยจากการใช้สื่อโซเชียลและอินเตอร์เนต การทำคลิปเพื่อสื่อสารในโซเชียล,พอ,อินเตอร์เน็ต สื่อโซเชียล;สถานศึกษา,กลุ่มอาชีพอิสระ เช่น นักแสดงนักร้อง นักดนตรี ศิลปินสร้างงานศิลปะ นักกีฬา เชพ นักแปล
21,ชาย,โสด,ยังไม่มีบุตร,สัญชาติไทย,สมุทรปราการ,สายสามัญ,มหาวิทยาลัย,มัธยมปลาย,ครอบครัว/พ่อแม่,พอมีพอกิน,ไม่มีข้อไหนเลย,ประกันสุขภาพเอกชน,รู้สึกโดดเดี่ยว มีภาวะซึมเศร้า และการฆ่าตัวตาย;ความสัมพันธ์กับคนรอบข้าง;ความรุนแรงในครอบครัว,,การตัดสินใจเรื่องความสัมพันธ์ทางเพศ;การคุมกำเนิด;ความหลากหลายทางเพศ,เห็นด้วย,เห็นด้วย,ไม่แน่ใจ,เห็นด้วย,มีช่องทางการสื่อสาร รับคำปรึกษา และรับข้อมูลในโซเชียลมีเดียที่เหมาะกับวัยรุ่น;มีการรักษาข้อมูลและความเป็นส่วนตัวโดยผู้ให้บริการ;มีบริการแก่วัยรุ่นในสถานที่อื่น ที่ไม่ใช่โรงพยาบาล,เพื่อนๆ และ บุคลากรในสถานศึกษาไให้ความการยอมรับ และความช่วยเหลือ;มีมาตราการจากรัฐในการช่วยเหลือแม่วัยรุ่นหลังคลอดลูก;มีการสื่อสารสาธารณะเชิงบวกเรื่องสุขภาพทางเพศ,ใช่,เพื่อน,พอใจ,ทักษะทางสังคม ได้แก่ การต่อรอง ความสามารถในการสื่อสาร การเข้าสังคม การทำงานเป็นทีม;ทักษะด้านสุขภาวะทางเพศ ได้แก่ ความสามารถในการตัดสินใจเรื่องเพศ การเคารพการตัดสินใจเรื่องเพศของผู้อื่น การไม่ล่วงละเมิดผู้อื่นในเรื่องเพศ การดูแลสุขภาพทางเพศของตัวเอง;ทักษะการวางแผนชีวิต ได้แก่ การประเมินลักษะณะการทำงานในอนาคต,พอ,อินเตอร์เน็ต สื่อโซเชียล;ผู้เชี่ยวชาญเฉพาะด้าน เช่น เชฟ นักดนตรี;สถาบัน หรือ หน่วยงานเฉพาะด้าน,กลุ่มข้าราชการ ทหาร ตำรวจ ครู,,
19,เพศทางเลือก,โสด,ยังไม่มีบุตร,สัญชาติไทย,กระบี่,สายสามัญ,มหาวิทยาลัย,มัธยมปลาย,อาศัยอยู่คนเดียว,พอมีพอกิน,ไม่มีข้อไหนเลย,บัตรทอง หลักประกันสุขภาพถ้วนหน้า;ประกันสุขภาพเอกชน;ได้สิทธิประกันสุขภาพในมหาวิทยาลัย,เรื่องเพศและสุขภาพทางเพศ;การกลั่นแกล้งในโลกออนไลน์;การทุจริต คอรัปชั่น,น้อย ,ไม่มี ,น้อย ,การเรียนรู้การเปลี่ยนแปลงของร่างกาย เพื่อดูแล บำรุงได้อย่างถูกต้อง;การมีเพศสัมพันธ์ที่ปลอดภัย ไม่ท้อง ไม่ติดโรค;ความหลากหลายทางเพศ,ไม่แน่ใจ,ไม่เห็นด้วย,ไม่เห็นด้วย,ไม่เห็นด้วย,มีช่องทางการสื่อสาร รับคำปรึกษา และรับข้อมูลในโซเชียลมีเดียที่เหมาะกับวัยรุ่น;มีการรักษาข้อมูลและความเป็นส่วนตัวโดยผู้ให้บริการ;ให้ความรู้ความเข้าใจที่ถูกต้องเรื่องวิธีการคุมกำเนิดในแบบต่างๆ,เมื่อท้องในวัยเรียนต้องได้เรียนต่อในโรงเรียนเดิม;เมื่อท้องในวัยเรียนต้องได้เรียนต่อในโรงเรียนอื่น;เพื่อนๆ และ บุคลากรในสถานศึกษาไให้ความการยอมรับ และความช่วยเหลือ;ทำให้วัยรุ่นมีความรู้ความเข้าใจเมื่อตั้งครรภ์ เพื่อให้วัยรุ่นสามารถตัดสินใจได้ว่าจะตั้งครรภ์ต่อหรือไม่;มีมาตราการจากรัฐในการช่วยเหลือแม่วัยรุ่นหลังคลอดลูก;มีการสื่อสารสาธารณะเชิงบวกเรื่องสุขภาพทางเพศ,ใช่,ครู,ไม่แน่ใจ ว่าบริการอนามัยการเจริญพันธุ์ มีคุณภาพหรือไม่,ทักษะทางสังคม ได้แก่ การต่อรอง ความสามารถในการสื่อสาร การเข้าสังคม การทำงานเป็นทีม;ทักษะทางด้านสุขภาพ ได้แก่ การป้องกันโรค การสร้างเสริมสุขภาพ;ทักษะด้านสุขภาวะทางเพศ ได้แก่ ความสามารถในการตัดสินใจเรื่องเพศ การเคารพการตัดสินใจเรื่องเพศของผู้อื่น การไม่ล่วงละเมิดผู้อื่นในเรื่องเพศ การดูแลสุขภาพทางเพศของตัวเอง;ทักษะทางการเงิน ได้แก่ การวางแผนการใช้เงิน การออม การลงทุน การเป็นเจ้าของกิจการ;ทักษะในการจัดการด้านอารมณ์ ความรู้สึก ได้แก่ สามารถสื่อสารความต้องการของตนเอง การจัดการความโกรธ การยอมรับความหลากหลายทางความคิดในสังคม;ทักษะการสื่อสาร ได้แก่ ความเข้าใจภัยจากการใช้สื่อโซเชียลและอินเตอร์เนต การทำคลิปเพื่อสื่อสารในโซเชียล;ทักษะการวางแผนชีวิต ได้แก่ การประเมินลักษะณะการทำงานในอนาคต,พอ,สถานศึกษา;อินเตอร์เน็ต สื่อโซเชียล;สถาบัน หรือ หน่วยงานเฉพาะด้าน,กลุ่มไม่แสวงหาผลกำไร เช่น นักบวช อาสาสมัคร
19,เพศทางเลือก,โสด,ยังไม่มีบุตร,สัญชาติไทย,พระนครศรีอยุธยา,สายสามัญ,,มัธยมปลาย,ครอบครัว/พ่อแม่,พอมีพอกิน,อยู่กับแม่เลี้ยงเดี่ยว,บัตรทอง หลักประกันสุขภาพถ้วนหน้า;ได้สิทธิประกันสุขภาพในมหาวิทยาลัย,อุบัติเหตุ;เรื่องเพศและสุขภาพทางเพศ;ความรุนแรงในครอบครัว,มาก ,มาก ,ปานกลาง ,การเรียนรู้การเปลี่ยนแปลงของร่างกาย เพื่อดูแล บำรุงได้อย่างถูกต้อง;การตัดสินใจเรื่องความสัมพันธ์ทางเพศ;ความหลากหลายทางเพศ,เห็นด้วย,ไม่เห็นด้วย,ไม่แน่ใจ,เห็นด้วย,มีการรักษาข้อมูลและความเป็นส่วนตัวโดยผู้ให้บริการ;มีบริการถุงยางฟรี;ให้ความรู้และคำแนะนำที่ทำให้วัยรุ่นสามารถตัดสินใจได้ด้วยตนเอง;มีช่องทางการสื่อสาร รับคำปรึกษา และรับข้อมูลในโซเชียลมีเดียที่เหมาะกับวัยรุ่น,เมื่อท้องในวัยเรียนต้องได้เรียนต่อในโรงเรียนเดิม;เมื่อท้องในวัยเรียนต้องได้เรียนต่อในโรงเรียนอื่น;เพื่อนๆ และ บุคลากรในสถานศึกษาไให้ความการยอมรับ และความช่วยเหลือ;ทำให้วัยรุ่นมีความรู้ความเข้าใจเมื่อตั้งครรภ์ เพื่อให้วัยรุ่นสามารถตัดสินใจได้ว่าจะตั้งครรภ์ต่อหรือไม่,ใช่,ครู,พอใจ,ทักษะทางสังคม ได้แก่ การต่อรอง ความสามารถในการสื่อสาร การเข้าสังคม การทำงานเป็นทีม;ทักษะทางด้านสุขภาพ ได้แก่ การป้องกันโรค การสร้างเสริมสุขภาพ;ทักษะด้านสุขภาวะทางเพศ ได้แก่ ความสามารถในการตัดสินใจเรื่องเพศ การเคารพการตัดสินใจเรื่องเพศของผู้อื่น การไม่ล่วงละเมิดผู้อื่นในเรื่องเพศ การดูแลสุขภาพทางเพศของตัวเอง;ทักษะทางการเงิน ได้แก่ การวางแผนการใช้เงิน การออม การลงทุน การเป็นเจ้าของกิจการ,พอ,สถานศึกษา;พ่อแม่ ญาติ ครอบครัว;เพื่อน ชุมชน ชมรม;ผู้เชี่ยวชาญเฉพาะด้าน เช่น เชฟ นักดนตรี,กลุ่มข้าราชการ ทหาร ตำรวจ ครู
18,เพศทางเลือก,โสด,ยังไม่มีบุตร,สัญชาติไทย,สระแก้ว,สายสามัญ,มหาวิทยาลัย,มัธยมปลาย,ครอบครัว/พ่อแม่,พอมีพอกิน,ไม่มีข้อไหนเลย,บัตรทอง หลักประกันสุขภาพถ้วนหน้า,อุบัติเหตุ;เรื่องเพศและสุขภาพทางเพศ;รู้สึกโดดเดี่ยว มีภาวะซึมเศร้า และการฆ่าตัวตาย,,สิทธิอนามัยการเจริญพันธุ์,เห็นด้วย,เห็นด้วย,ไม่แน่ใจ,เห็นด้วย,มีช่องทางการสื่อสาร รับคำปรึกษา และรับข้อมูลในโซเชียลมีเดียที่เหมาะกับวัยรุ่น;มีบริการนอกเวลาราชการ;ให้ความรู้และคำแนะนำที่ทำให้วัยรุ่นสามารถตัดสินใจได้ด้วยตนเอง,เมื่อท้องในวัยเรียนต้องได้เรียนต่อในโรงเรียนเดิม;เพื่อนๆ และ บุคลากรในสถานศึกษาไให้ความการยอมรับ และความช่วยเหลือ;มีมาตราการจากรัฐในการช่วยเหลือแม่วัยรุ่นหลังคลอดลูก,ใช่,พี่-น้อง,พอใจ,ทักษะด้านสุขภาวะทางเพศ ได้แก่ ความสามารถในการตัดสินใจเรื่องเพศ การเคารพการตัดสินใจเรื่องเพศของผู้อื่น การไม่ล่วงละเมิดผู้อื่นในเรื่องเพศ การดูแลสุขภาพทางเพศของตัวเอง;ทักษะทางการเงิน ได้แก่ การวางแผนการใช้เงิน การออม การลงทุน การเป็นเจ้าของกิจการ;ทักษะทางด้านสุขภาพ ได้แก่ การป้องกันโรค การสร้างเสริมสุขภาพ,ไม่พอ,สถานศึกษา;พ่อแม่ ญาติ ครอบครัว;เพื่อน ชุมชน ชมรม,กลุ่มข้าราชการ ทหาร ตำรวจ ครู,,
20,ชาย,โสด,ยังไม่มีบุตร,สัญชาติไทย,ระนอง,อุดมศึกษา,มหาวิทยาลัย,มัธยมปลาย,,พอมีพอกิน,อยูตามลำพัง,สวัสดิการบุตรข้าราชการ/ข้าราชการบำนาญ,เรื่องเพศและสุขภาพทางเพศ;ความขัดแย้ง ความเห็นแตกต่างทางการเมือง;การทุจริต คอรัปชั่น,มากที่สุด ,มากที่สุด ,มากที่สุด ,การคุมกำเนิด;ความหลากหลายทางเพศ;การให้คำปรึกษาและรักษาข้อมูลส่วนตัว,เห็นด้วย,เห็นด้วย,เห็นด้วย,เห็นด้วย,มีการรักษาข้อมูลและความเป็นส่วนตัวโดยผู้ให้บริการ;มีบริการนอกเวลาราชการ;มีบริการถุงยางฟรี,เมื่อท้องในวัยเรียนต้องได้เรียนต่อในโรงเรียนเดิม;เพื่อนๆ และ บุคลากรในสถานศึกษาไให้ความการยอมรับ และความช่วยเหลือ;มีมาตราการจากรัฐในการช่วยเหลือแม่วัยรุ่นหลังคลอดลูก,ใช่,เพื่อน,พอใจ,ทักษะทางสังคม ได้แก่ การต่อรอง ความสามารถในการสื่อสาร การเข้าสังคม การทำงานเป็นทีม;ทักษะทางด้านสุขภาพ ได้แก่ การป้องกันโรค การสร้างเสริมสุขภาพ;ทักษะด้านสุขภาวะทางเพศ ได้แก่ ความสามารถในการตัดสินใจเรื่องเพศ การเคารพการตัดสินใจเรื่องเพศของผู้อื่น การไม่ล่วงละเมิดผู้อื่นในเรื่องเพศ การดูแลสุขภาพทางเพศของตัวเอง,พอ,สถานศึกษา;พ่อแม่ ญาติ ครอบครัว;เพื่อน ชุมชน ชมรม,กลุ่มอาชีพอิสระ เช่น นักแสดงนักร้อง นักดนตรี ศิลปินสร้างงานศิลปะ นักกีฬา เชพ นักแปล
19,ชาย,โสด,ยังไม่มีบุตร,สัญชาติไทย,ปราจีนบุรี,สายสามัญ,มัธยมปลาย,มัธยมปลาย,อาศัยอยู่คนเดียว,ยากจน,ไม่มีข้อไหนเลย,ไม่รู้ว่ามีหรือไม่,รายได้ไม่พอรายจ่าย;ความรุนแรงในครอบครัว;อุบัติเหตุ,มากที่สุด ,ปานกลาง ,น้อยที่สุด ,การคุมกำเนิด;การให้คำปรึกษาและรักษาข้อมูลส่วนตัว;การเรียนรู้การเปลี่ยนแปลงของร่างกาย เพื่อดูแล บำรุงได้อย่างถูกต้อง,ไม่เห็นด้วย,เห็นด้วย,เห็นด้วย,เห็นด้วย,มีช่องทางการสื่อสาร รับคำปรึกษา และรับข้อมูลในโซเชียลมีเดียที่เหมาะกับวัยรุ่น;ให้ความรู้และคำแนะนำที่ทำให้วัยรุ่นสามารถตัดสินใจได้ด้วยตนเอง;มีบริการแก่วัยรุ่นในสถานที่อื่น ที่ไม่ใช่โรงพยาบาล,เมื่อท้องในวัยเรียนต้องได้เรียนต่อในโรงเรียนเดิม;เพื่อนๆ และ บุคลากรในสถานศึกษาไให้ความการยอมรับ และความช่วยเหลือ;มีมาตราการจากรัฐในการช่วยเหลือแม่วัยรุ่นหลังคลอดลูก,ใช่,ครู,พอใจ,ทักษะทางสังคม ได้แก่ การต่อรอง ความสามารถในการสื่อสาร การเข้าสังคม การทำงานเป็นทีม;ทักษะด้านสุขภาวะทางเพศ ได้แก่ ความสามารถในการตัดสินใจเรื่องเพศ การเคารพการตัดสินใจเรื่องเพศของผู้อื่น การไม่ล่วงละเมิดผู้อื่นในเรื่องเพศ การดูแลสุขภาพทางเพศของตัวเอง;ทักษะในการจัดการด้านอารมณ์ ความรู้สึก ได้แก่ สามารถสื่อสารความต้องการของตนเอง การจัดการความโกรธ การยอมรับความหลากหลายทางความคิดในสังคม,พอ,สถานศึกษา;พ่อแม่ ญาติ ครอบครัว;ผู้เชี่ยวชาญเฉพาะด้าน เช่น เชฟ นักดนตรี,กลุ่มผู้ประกอบการ นักลงทุน เจ้าของกิจการ
19,ชาย,โสด,ยังไม่มีบุตร,สัญชาติไทย,ปราจีนบุรี,สายสามัญ,,มัธยมปลาย,ครอบครัว/พ่อแม่,พอมีพอกิน,ต้องอาศัยอยู่กับปู่ย่า/ตายาย,บัตรทอง หลักประกันสุขภาพถ้วนหน้า,เรื่องเพศและสุขภาพทางเพศ,,การตัดสินใจเรื่องความสัมพันธ์ทางเพศ;ความหลากหลายทางเพศ;การให้คำปรึกษาและรักษาข้อมูลส่วนตัว,เห็นด้วย,เห็นด้วย,ไม่แน่ใจ,เห็นด้วย,มีบริการแก่วัยรุ่นในสถานที่อื่น ที่ไม่ใช่โรงพยาบาล;ให้ความรู้และคำแนะนำที่ทำให้วัยรุ่นสามารถตัดสินใจได้ด้วยตนเอง;มีช่องทางการสื่อสาร รับคำปรึกษา และรับข้อมูลในโซเชียลมีเดียที่เหมาะกับวัยรุ่น,เพื่อนๆ และ บุคลากรในสถานศึกษาไให้ความการยอมรับ และความช่วยเหลือ;ทำให้วัยรุ่นมีความรู้ความเข้าใจเมื่อตั้งครรภ์ เพื่อให้วัยรุ่นสามารถตัดสินใจได้ว่าจะตั้งครรภ์ต่อหรือไม่;มีมาตราการจากรัฐในการช่วยเหลือแม่วัยรุ่นหลังคลอดลูก,ใช่,เพื่อน,พอใจ,ทักษะด้านสุขภาวะทางเพศ ได้แก่ ความสามารถในการตัดสินใจเรื่องเพศ การเคารพการตัดสินใจเรื่องเพศของผู้อื่น การไม่ล่วงละเมิดผู้อื่นในเรื่องเพศ การดูแลสุขภาพทางเพศของตัวเอง;ทักษะในการจัดการด้านอารมณ์ ความรู้สึก ได้แก่ สามารถสื่อสารความต้องการของตนเอง การจัดการความโกรธ การยอมรับความหลากหลายทางความคิดในสังคม;ทักษะการสื่อสาร ได้แก่ ความเข้าใจภัยจากการใช้สื่อโซเชียลและอินเตอร์เนต การทำคลิปเพื่อสื่อสารในโซเชียล,พอ,สถานศึกษา;อินเตอร์เน็ต สื่อโซเชียล;สถาบัน หรือ หน่วยงานเฉพาะด้าน,กลุ่มข้าราชการ ทหาร ตำรวจ ครู,,
17,ชาย,โสด,ยังไม่มีบุตร,สัญชาติไทย,สมุทรสงคราม,สายสามัญ,มัธยมปลาย,มัธยมปลาย,ครอบครัว/พ่อแม่,พอมีพอกิน,เป็นกลุ่มชาติพันธุ์,บัตรทอง หลักประกันสุขภาพถ้วนหน้า,เรื่องเพศและสุขภาพทางเพศ;รู้สึกโดดเดี่ยว มีภาวะซึมเศร้า และการฆ่าตัวตาย;ยาเสพติด,ปานกลาง ,ไม่มี ,ไม่มี ,สิทธิอนามัยการเจริญพันธุ์;การมีเพศสัมพันธ์ที่ปลอดภัย ไม่ท้อง ไม่ติดโรค;การเรียนรู้การเปลี่ยนแปลงของร่างกาย เพื่อดูแล บำรุงได้อย่างถูกต้อง,ไม่แน่ใจ,ไม่แน่ใจ,เห็นด้วย,เห็นด้วย,มีช่องทางการสื่อสาร รับคำปรึกษา และรับข้อมูลในโซเชียลมีเดียที่เหมาะกับวัยรุ่น;มีการรักษาข้อมูลและความเป็นส่วนตัวโดยผู้ให้บริการ;ให้ความรู้ความเข้าใจที่ถูกต้องเรื่องวิธีการคุมกำเนิดในแบบต่างๆ,เพื่อนๆ และ บุคลากรในสถานศึกษาไให้ความการยอมรับ และความช่วยเหลือ;ทำให้วัยรุ่นมีความรู้ความเข้าใจเมื่อตั้งครรภ์ เพื่อให้วัยรุ่นสามารถตัดสินใจได้ว่าจะตั้งครรภ์ต่อหรือไม่;มีการสื่อสารสาธารณะเชิงบวกเรื่องสุขภาพทางเพศ,ไม่แน่ใจ,พี่-น้อง,ไม่แน่ใจ,ทักษะในการจัดการด้านอารมณ์ ความรู้สึก ได้แก่ สามารถสื่อสารความต้องการของตนเอง การจัดการความโกรธ การยอมรับความหลากหลายทางความคิดในสังคม;ทักษะการวางแผนชีวิต ได้แก่ การประเมินลักษะณะการทำงานในอนาคต;ทักษะทางสังคม ได้แก่ การต่อรอง ความสามารถในการสื่อสาร การเข้าสังคม การทำงานเป็นทีม,ไม่พอ,สถานศึกษา;พ่อแม่ ญาติ ครอบครัว;เพื่อน ชุมชน ชมรม,กลุ่มอาชีพอิสระ เช่น นักแสดงนักร้อง นักดนตรี ศิลปินสร้างงานศิลปะ นักกีฬา เชพ นักแปล
17,หญิง,โสด,ยังไม่มีบุตร,สัญชาติไทย,เชียงใหม่,สายสามัญ,มัธยมปลาย,มัธยมต้น,ครอบครัว/พ่อแม่,พอมีพอกิน,ไม่มีข้อไหนเลย,บัตรทอง หลักประกันสุขภาพถ้วนหน้า,เรื่องเพศและสุขภาพทางเพศ;รู้สึกโดดเดี่ยว มีภาวะซึมเศร้า และการฆ่าตัวตาย;ความรุนแรงในครอบครัว,มาก ,ปานกลาง ,มาก ,สิทธิอนามัยการเจริญพันธุ์;การมีเพศสัมพันธ์ที่ปลอดภัย ไม่ท้อง ไม่ติดโรค;ความหลากหลายทางเพศ,เห็นด้วย,เห็นด้วย,เห็นด้วย,เห็นด้วย,มีช่องทางการสื่อสาร รับคำปรึกษา และรับข้อมูลในโซเชียลมีเดียที่เหมาะกับวัยรุ่น;ให้ความรู้และคำแนะนำที่ทำให้วัยรุ่นสามารถตัดสินใจได้ด้วยตนเอง,มีการสื่อสารสาธารณะเชิงบวกเรื่องสุขภาพทางเพศ;ทำให้วัยรุ่นมีความรู้ความเข้าใจเมื่อตั้งครรภ์ เพื่อให้วัยรุ่นสามารถตัดสินใจได้ว่าจะตั้งครรภ์ต่อหรือไม่;เมื่อท้องในวัยเรียนต้องได้เรียนต่อในโรงเรียนอื่น,ใช่,,พอใจ,ทักษะทางด้านสุขภาพ ได้แก่ การป้องกันโรค การสร้างเสริมสุขภาพ;ทักษะด้านสุขภาวะทางเพศ ได้แก่ ความสามารถในการตัดสินใจเรื่องเพศ การเคารพการตัดสินใจเรื่องเพศของผู้อื่น การไม่ล่วงละเมิดผู้อื่นในเรื่องเพศ การดูแลสุขภาพทางเพศของตัวเอง;ทักษะในการจัดการด้านอารมณ์ ความรู้สึก ได้แก่ สามารถสื่อสารความต้องการของตนเอง การจัดการความโกรธ การยอมรับความหลากหลายทางความคิดในสังคม,ไม่พอ,เพื่อน ชุมชน ชมรม,กลุ่มข้าราชการ ทหาร ตำรวจ ครู
18,ชาย,โสด,ยังไม่มีบุตร,สัญชาติไทย,อำนาจเจริญ,สายสามัญ,มัธยมปลาย,มัธยมปลาย,ครอบครัว/พ่อแม่,พอมีพอกิน,เป็นกลุ่มชาติพันธุ์;ไม่มีข้อไหนเลย,บัตรทอง หลักประกันสุขภาพถ้วนหน้า;ประกันสังคม,การเจ็บป่วย ปัญหาสุขภาพ;อุบัติเหตุ;เรื่องเพศและสุขภาพทางเพศ;รู้สึกโดดเดี่ยว มีภาวะซึมเศร้า และการฆ่าตัวตาย;รายได้ไม่พอรายจ่าย;ความสัมพันธ์กับคนรอบข้าง;ความรุนแรงในครอบครัว;การกลั่นแกล้งในโลกออนไลน์;ยาเสพติด,ปานกลาง ,น้อย ,มาก ,การเรียนรู้การเปลี่ยนแปลงของร่างกาย เพื่อดูแล บำรุงได้อย่างถูกต้อง;การตัดสินใจเรื่องความสัมพันธ์ทางเพศ;การมีเพศสัมพันธ์ที่ปลอดภัย ไม่ท้อง ไม่ติดโรค;การคุมกำเนิด;ความหลากหลายทางเพศ;สิทธิอนามัยการเจริญพันธุ์;การให้คำปรึกษาและรักษาข้อมูลส่วนตัว,เห็นด้วย,เห็นด้วย,เห็นด้วย,เห็นด้วย,มีช่องทางการสื่อสาร รับคำปรึกษา และรับข้อมูลในโซเชียลมีเดียที่เหมาะกับวัยรุ่น;มีการรักษาข้อมูลและความเป็นส่วนตัวโดยผู้ให้บริการ;มีบริการนอกเวลาราชการ,เมื่อท้องในวัยเรียนต้องได้เรียนต่อในโรงเรียนเดิม;เพื่อนๆ และ บุคลากรในสถานศึกษาไให้ความการยอมรับ และความช่วยเหลือ;มีการสื่อสารสาธารณะเชิงบวกเรื่องสุขภาพทางเพศ,ใช่,แม่,พอใจ,ทักษะทางสังคม ได้แก่ การต่อรอง ความสามารถในการสื่อสาร การเข้าสังคม การทำงานเป็นทีม;ทักษะทางด้านสุขภาพ ได้แก่ การป้องกันโรค การสร้างเสริมสุขภาพ;ทักษะด้านสุขภาวะทางเพศ ได้แก่ ความสามารถในการตัดสินใจเรื่องเพศ การเคารพการตัดสินใจเรื่องเพศของผู้อื่น การไม่ล่วงละเมิดผู้อื่นในเรื่องเพศ การดูแลสุขภาพทางเพศของตัวเอง;ทักษะทางการเงิน ได้แก่ การวางแผนการใช้เงิน การออม การลงทุน การเป็นเจ้าของกิจการ;ทักษะในการจัดการด้านอารมณ์ ความรู้สึก ได้แก่ สามารถสื่อสารความต้องการของตนเอง การจัดการความโกรธ การยอมรับความหลากหลายทางความคิดในสังคม;ทักษะการสื่อสาร ได้แก่ ความเข้าใจภัยจากการใช้สื่อโซเชียลและอินเตอร์เนต การทำคลิปเพื่อสื่อสารในโซเชียล;ทักษะการวางแผนชีวิต ได้แก่ การประเมินลักษะณะการทำงานในอนาคต,พอ,สถานศึกษา;พ่อแม่ ญาติ ครอบครัว;เพื่อน ชุมชน ชมรม;อินเตอร์เน็ต สื่อโซเชียล;สถาบัน หรือ หน่วยงานเฉพาะด้าน,กลุ่มผู้ประกอบการ นักลงทุน เจ้าของกิจการ
22,ชาย,โสด,ยังไม่มีบุตร,สัญชาติไทย,นครศรีธรรมราช,สายสามัญ,มหาวิทยาลัย,มัธยมปลาย,ครอบครัว/พ่อแม่,พอมีพอกิน,,บัตรทอง หลักประกันสุขภาพถ้วนหน้า;ได้สิทธิประกันสุขภาพในมหาวิทยาลัย,เรื่องเพศและสุขภาพทางเพศ;รู้สึกโดดเดี่ยว มีภาวะซึมเศร้า และการฆ่าตัวตาย;การเจ็บป่วย ปัญหาสุขภาพ,,การเรียนรู้การเปลี่ยนแปลงของร่างกาย เพื่อดูแล บำรุงได้อย่างถูกต้อง;การตัดสินใจเรื่องความสัมพันธ์ทางเพศ;การมีเพศสัมพันธ์ที่ปลอดภัย ไม่ท้อง ไม่ติดโรค,ไม่เห็นด้วย,เห็นด้วย,ไม่เห็นด้วย,เห็นด้วย,มีช่องทางการสื่อสาร รับคำปรึกษา และรับข้อมูลในโซเชียลมีเดียที่เหมาะกับวัยรุ่น;มีการรักษาข้อมูลและความเป็นส่วนตัวโดยผู้ให้บริการ;มีบริการนอกเวลาราชการ,เมื่อท้องในวัยเรียนต้องได้เรียนต่อในโรงเรียนเดิม,ไม่ใช่,เพื่อน,ไม่แน่ใจ,ทักษะทางสังคม ได้แก่ การต่อรอง ความสามารถในการสื่อสาร การเข้าสังคม การทำงานเป็นทีม;ทักษะทางด้านสุขภาพ ได้แก่ การป้องกันโรค การสร้างเสริมสุขภาพ;ทักษะด้านสุขภาวะทางเพศ ได้แก่ ความสามารถในการตัดสินใจเรื่องเพศ การเคารพการตัดสินใจเรื่องเพศของผู้อื่น การไม่ล่วงละเมิดผู้อื่นในเรื่องเพศ การดูแลสุขภาพทางเพศของตัวเอง,ไม่พอ,สถานศึกษา;พ่อแม่ ญาติ ครอบครัว;เพื่อน ชุมชน ชมรม,กลุ่มข้าราชการ ทหาร ตำรวจ ครู,cyct,
16,หญิง,โสด,ยังไม่มีบุตร,สัญชาติไทย,ร้อยเอ็ด,สายสามัญ,มัธยมปลาย,มัธยมต้น,ครอบครัว/พ่อแม่,พอมีพอกิน,ไม่มีข้อไหนเลย,บัตรทอง หลักประกันสุขภาพถ้วนหน้า,รู้สึกโดดเดี่ยว มีภาวะซึมเศร้า และการฆ่าตัวตาย;ยาเสพติด;เรื่องเพศและสุขภาพทางเพศ,มากที่สุด ,มาก ,มาก ,การเรียนรู้การเปลี่ยนแปลงของร่างกาย เพื่อดูแล บำรุงได้อย่างถูกต้อง;การมีเพศสัมพันธ์ที่ปลอดภัย ไม่ท้อง ไม่ติดโรค;ความหลากหลายทางเพศ,ไม่เห็นด้วย,ไม่เห็นด้วย,เห็นด้วย,เห็นด้วย,มีช่องทางการสื่อสาร รับคำปรึกษา และรับข้อมูลในโซเชียลมีเดียที่เหมาะกับวัยรุ่น;มีบริการนอกเวลาราชการ;ให้ความรู้ความเข้าใจที่ถูกต้องเรื่องวิธีการคุมกำเนิดในแบบต่างๆ,เพื่อนๆ และ บุคลากรในสถานศึกษาไให้ความการยอมรับ และความช่วยเหลือ;เมื่อท้องในวัยเรียนต้องได้เรียนต่อในโรงเรียนเดิม;มีมาตราการจากรัฐในการช่วยเหลือแม่วัยรุ่นหลังคลอดลูก,ใช่,เพื่อน,ไม่แน่ใจ ว่ามีบริการอนามัยการเจริญพันธุ์ ในพื้นที่ของฉัน,ทักษะทางด้านสุขภาพ ได้แก่ การป้องกันโรค การสร้างเสริมสุขภาพ;ทักษะทางการเงิน ได้แก่ การวางแผนการใช้เงิน การออม การลงทุน การเป็นเจ้าของกิจการ;ทักษะด้านสุขภาวะทางเพศ ได้แก่ ความสามารถในการตัดสินใจเรื่องเพศ การเคารพการตัดสินใจเรื่องเพศของผู้อื่น การไม่ล่วงละเมิดผู้อื่นในเรื่องเพศ การดูแลสุขภาพทางเพศของตัวเอง,พอ,เพื่อน ชุมชน ชมรม,กลุ่มอาชีพอิสระ เช่น นักแสดงนักร้อง นักดนตรี ศิลปินสร้างงานศิลปะ นักกีฬา เชพ นักแปล
17,หญิง,โสด,ยังไม่มีบุตร,สัญชาติไทย,ประจวบคีรีขันธ์,สายสามัญ,มัธยมปลาย,มัธยมปลาย,ญาติ,ยากจน,ต้องอาศัยอยู่กับปู่ย่า/ตายาย,ไม่มี ต้องจ่ายเงินเอง,เรื่องเพศและสุขภาพทางเพศ,มากที่สุด ,ไม่มี ,น้อย ,การเรียนรู้การเปลี่ยนแปลงของร่างกาย เพื่อดูแล บำรุงได้อย่างถูกต้อง;การมีเพศสัมพันธ์ที่ปลอดภัย ไม่ท้อง ไม่ติดโรค;การตัดสินใจเรื่องความสัมพันธ์ทางเพศ,เห็นด้วย,เห็นด้วย,ไม่เห็นด้วย,เห็นด้วย,มีช่องทางการสื่อสาร รับคำปรึกษา และรับข้อมูลในโซเชียลมีเดียที่เหมาะกับวัยรุ่น;ให้ความรู้และคำแนะนำที่ทำให้วัยรุ่นสามารถตัดสินใจได้ด้วยตนเอง;มีบริการแก่วัยรุ่นในสถานที่อื่น ที่ไม่ใช่โรงพยาบาล,เมื่อท้องในวัยเรียนต้องได้เรียนต่อในโรงเรียนเดิม;เพื่อนๆ และ บุคลากรในสถานศึกษาไให้ความการยอมรับ และความช่วยเหลือ;มีมาตราการจากรัฐในการช่วยเหลือแม่วัยรุ่นหลังคลอดลูก,ไม่แน่ใจ,เพื่อน,ไม่แน่ใจ ว่ามีบริการอนามัยการเจริญพันธุ์ ในพื้นที่ของฉัน,ทักษะทางสังคม ได้แก่ การต่อรอง ความสามารถในการสื่อสาร การเข้าสังคม การทำงานเป็นทีม;ทักษะด้านสุขภาวะทางเพศ ได้แก่ ความสามารถในการตัดสินใจเรื่องเพศ การเคารพการตัดสินใจเรื่องเพศของผู้อื่น การไม่ล่วงละเมิดผู้อื่นในเรื่องเพศ การดูแลสุขภาพทางเพศของตัวเอง;ทักษะทางการเงิน ได้แก่ การวางแผนการใช้เงิน การออม การลงทุน การเป็นเจ้าของกิจการ,ไม่ได้รับเลย,ผู้เชี่ยวชาญเฉพาะด้าน เช่น เชฟ นักดนตรี;สถานศึกษา;อินเตอร์เน็ต สื่อโซเชียล,กลุ่มข้าราชการ ทหาร ตำรวจ ครู
18,หญิง,โสด,ยังไม่มีบุตร,สัญชาติไทย,เชียงใหม่,อุดมศึกษา,มหาวิทยาลัย,มัธยมปลาย,ครอบครัว/พ่อแม่,พอมีพอกิน,ไม่มีข้อไหนเลย,บัตรทอง หลักประกันสุขภาพถ้วนหน้า;ได้สิทธิประกันสุขภาพในมหาวิทยาลัย,อุบัติเหตุ;เรื่องเพศและสุขภาพทางเพศ;รู้สึกโดดเดี่ยว มีภาวะซึมเศร้า และการฆ่าตัวตาย,,การมีเพศสัมพันธ์ที่ปลอดภัย ไม่ท้อง ไม่ติดโรค;การคุมกำเนิด;สิทธิอนามัยการเจริญพันธุ์,ไม่เห็นด้วย,เห็นด้วย,ไม่เห็นด้วย,เห็นด้วย,มีการรักษาข้อมูลและความเป็นส่วนตัวโดยผู้ให้บริการ;มีบริการนอกเวลาราชการ;มีบริการแก่วัยรุ่นในสถานที่อื่น ที่ไม่ใช่โรงพยาบาล,เมื่อท้องในวัยเรียนต้องได้เรียนต่อในโรงเรียนเดิม;เพื่อนๆ และ บุคลากรในสถานศึกษาไให้ความการยอมรับ และความช่วยเหลือ;ทำให้วัยรุ่นมีความรู้ความเข้าใจเมื่อตั้งครรภ์ เพื่อให้วัยรุ่นสามารถตัดสินใจได้ว่าจะตั้งครรภ์ต่อหรือไม่,ใช่,เพื่อน,ไม่แน่ใจ ว่าบริการอนามัยการเจริญพันธุ์ มีคุณภาพหรือไม่,ทักษะด้านสุขภาวะทางเพศ ได้แก่ ความสามารถในการตัดสินใจเรื่องเพศ การเคารพการตัดสินใจเรื่องเพศของผู้อื่น การไม่ล่วงละเมิดผู้อื่นในเรื่องเพศ การดูแลสุขภาพทางเพศของตัวเอง;ทักษะทางสังคม ได้แก่ การต่อรอง ความสามารถในการสื่อสาร การเข้าสังคม การทำงานเป็นทีม;ทักษะในการจัดการด้านอารมณ์ ความรู้สึก ได้แก่ สามารถสื่อสารความต้องการของตนเอง การจัดการความโกรธ การยอมรับความหลากหลายทางความคิดในสังคม,ไม่พอ,เพื่อน ชุมชน ชมรม;สถานศึกษา;สถาบัน หรือ หน่วยงานเฉพาะด้าน,กลุ่มข้าราชการ ทหาร ตำรวจ ครู,aiew,
22,ชาย,โสด,ยังไม่มีบุตร,สัญชาติไทย,สระบุรี,ไม่ได้เรียน,ปวส.,ปวส.,ครอบครัว/พ่อแม่,พอมีพอกิน,เป็นกลุ่มชาติพันธุ์,บัตรทอง หลักประกันสุขภาพถ้วนหน้า,เรื่องเพศและสุขภาพทางเพศ;ยาเสพติด;ความรุนแรงในครอบครัว,มากที่สุด ,มาก ,มากที่สุด ,การเรียนรู้การเปลี่ยนแปลงของร่างกาย เพื่อดูแล บำรุงได้อย่างถูกต้อง;การมีเพศสัมพันธ์ที่ปลอดภัย ไม่ท้อง ไม่ติดโรค;การให้คำปรึกษาและรักษาข้อมูลส่วนตัว,ไม่แน่ใจ,ไม่เห็นด้วย,เห็นด้วย,ไม่เห็นด้วย,มีบริการถุงยางฟรี;มีช่องทางการสื่อสาร รับคำปรึกษา และรับข้อมูลในโซเชียลมีเดียที่เหมาะกับวัยรุ่น;มีบริการนอกเวลาราชการ,เมื่อท้องในวัยเรียนต้องได้เรียนต่อในโรงเรียนอื่น;เมื่อท้องในวัยเรียนต้องได้เรียนต่อในโรงเรียนเดิม;เพื่อนๆ และ บุคลากรในสถานศึกษาไให้ความการยอมรับ และความช่วยเหลือ,ใช่,อาสาสมัครสาธารณสุขมูลฐาน (อสม.),พอใจ,ทักษะด้านสุขภาวะทางเพศ ได้แก่ ความสามารถในการตัดสินใจเรื่องเพศ การเคารพการตัดสินใจเรื่องเพศของผู้อื่น การไม่ล่วงละเมิดผู้อื่นในเรื่องเพศ การดูแลสุขภาพทางเพศของตัวเอง;ทักษะทางการเงิน ได้แก่ การวางแผนการใช้เงิน การออม การลงทุน การเป็นเจ้าของกิจการ;ทักษะในการจัดการด้านอารมณ์ ความรู้สึก ได้แก่ สามารถสื่อสารความต้องการของตนเอง การจัดการความโกรธ การยอมรับความหลากหลายทางความคิดในสังคม,ไม่พอ,อินเตอร์เน็ต สื่อโซเชียล;สถาบัน หรือ หน่วยงานเฉพาะด้าน;พ่อแม่ ญาติ ครอบครัว,กลุ่มอาชีพอิสระ เช่น นักแสดงนักร้อง นักดนตรี ศิลปินสร้างงานศิลปะ นักกีฬา เชพ นักแปล
24,ชาย,โสด,ยังไม่มีบุตร,สัญชาติไทย,สตูล,อุดมศึกษา,มหาวิทยาลัย,ปริญญาตรี,ครอบครัว/พ่อแม่,พอมีพอกิน,มีสมาชิกในครอบครัวเป็นผู้พิการ,บัตรทอง หลักประกันสุขภาพถ้วนหน้า,อุบัติเหตุ;เรื่องเพศและสุขภาพทางเพศ;รู้สึกโดดเดี่ยว มีภาวะซึมเศร้า และการฆ่าตัวตาย,มากที่สุด ,มากที่สุด ,,,เห็นด้วย,เห็นด้วย,ไม่แน่ใจ,ไม่แน่ใจ,มีบริการนอกเวลาราชการ,เมื่อท้องในวัยเรียนต้องได้เรียนต่อในโรงเรียนอื่น,ไม่แน่ใจ,เพื่อน,ไม่แน่ใจ ว่ามีบริการอนามัยการเจริญพันธุ์ ในพื้นที่ของฉัน,ทักษะทางสังคม ได้แก่ การต่อรอง ความสามารถในการสื่อสาร การเข้าสังคม การทำงานเป็นทีม;ทักษะทางด้านสุขภาพ ได้แก่ การป้องกันโรค การสร้างเสริมสุขภาพ,พอ,สถานศึกษา;พ่อแม่ ญาติ ครอบครัว;เพื่อน ชุมชน ชมรม,กลุ่มไม่แสวงหาผลกำไร เช่น นักบวช อาสาสมัคร
14,หญิง,โสด,ยังไม่มีบุตร,สัญชาติไทย,แพร่,สายสามัญ,มัธยมต้น,ประถมศึกษา,ครอบครัว/พ่อแม่,ยากจน,มีสมาชิกในครอบครัวเป็นผู้พิการ,ไม่รู้ว่ามีหรือไม่,อุบัติเหตุ;การกลั่นแกล้งในโลกออนไลน์;ยาเสพติด,มากที่สุด ,น้อย ,มากที่สุด ,การเรียนรู้การเปลี่ยนแปลงของร่างกาย เพื่อดูแล บำรุงได้อย่างถูกต้อง;การให้คำปรึกษาและรักษาข้อมูลส่วนตัว,เห็นด้วย,เห็นด้วย,เห็นด้วย,เห็นด้วย,มีช่องทางการสื่อสาร รับคำปรึกษา และรับข้อมูลในโซเชียลมีเดียที่เหมาะกับวัยรุ่น;ให้ความรู้ความเข้าใจที่ถูกต้องเรื่องวิธีการคุมกำเนิดในแบบต่างๆ;ให้ความรู้และคำแนะนำที่ทำให้วัยรุ่นสามารถตัดสินใจได้ด้วยตนเอง,เพื่อนๆ และ บุคลากรในสถานศึกษาไให้ความการยอมรับ และความช่วยเหลือ;มีการสื่อสารสาธารณะเชิงบวกเรื่องสุขภาพทางเพศ,ใช่,แม่,พอใจ,ทักษะทางสังคม ได้แก่ การต่อรอง ความสามารถในการสื่อสาร การเข้าสังคม การทำงานเป็นทีม;ทักษะด้านสุขภาวะทางเพศ ได้แก่ ความสามารถในการตัดสินใจเรื่องเพศ การเคารพการตัดสินใจเรื่องเพศของผู้อื่น การไม่ล่วงละเมิดผู้อื่นในเรื่องเพศ การดูแลสุขภาพทางเพศของตัวเอง;ทักษะการวางแผนชีวิต ได้แก่ การประเมินลักษะณะการทำงานในอนาคต,พอ,พ่อแม่ ญาติ ครอบครัว;เพื่อน ชุมชน ชมรม;สถานศึกษา,กลุ่มอาชีพอิสระ เช่น นักแสดงนักร้อง นักดนตรี ศิลปินสร้างงานศิลปะ นักกีฬา เชพ นักแปล
19,ชาย,โสด,ยังไม่มีบุตร,สัญชาติไทย,แพร่,อุดมศึกษา,มหาวิทยาลัย,มัธยมปลาย,ครอบครัว/พ่อแม่,พอมีพอกิน,มีสมาชิกในครอบครัวเป็นผู้พิการ;ต้องอาศัยอยู่กับปู่ย่า/ตายาย;อยู่กับพ่อเลี้ยงเดี่ยว;อยู่กับแม่เลี้ยงเดี่ยว,บัตรทอง หลักประกันสุขภาพถ้วนหน้า;ได้สิทธิประกันสุขภาพในมหาวิทยาลัย,อุบัติเหตุ;รู้สึกโดดเดี่ยว มีภาวะซึมเศร้า และการฆ่าตัวตาย;ความรุนแรงในครอบครัว,มาก ,น้อยที่สุด ,มากที่สุด ,การเรียนรู้การเปลี่ยนแปลงของร่างกาย เพื่อดูแล บำรุงได้อย่างถูกต้อง;การให้คำปรึกษาและรักษาข้อมูลส่วนตัว;การคุมกำเนิด,เห็นด้วย,เห็นด้วย,เห็นด้วย,ไม่แน่ใจ,มีช่องทางการสื่อสาร รับคำปรึกษา และรับข้อมูลในโซเชียลมีเดียที่เหมาะกับวัยรุ่น;มีการรักษาข้อมูลและความเป็นส่วนตัวโดยผู้ให้บริการ;ให้คำปรึกษา และบริการอนามัยเจริญพันธ์ที่ได้มาตรฐาน,เมื่อท้องในวัยเรียนต้องได้เรียนต่อในโรงเรียนเดิม;เพื่อนๆ และ บุคลากรในสถานศึกษาไให้ความการยอมรับ และความช่วยเหลือ;มีมาตราการจากรัฐในการช่วยเหลือแม่วัยรุ่นหลังคลอดลูก,ไม่แน่ใจ,แม่,ไม่แน่ใจ ว่ามีบริการอนามัยการเจริญพันธุ์ ในพื้นที่ของฉัน,ทักษะทางสังคม ได้แก่ การต่อรอง ความสามารถในการสื่อสาร การเข้าสังคม การทำงานเป็นทีม;ทักษะในการจัดการด้านอารมณ์ ความรู้สึก ได้แก่ สามารถสื่อสารความต้องการของตนเอง การจัดการความโกรธ การยอมรับความหลากหลายทางความคิดในสังคม;ทักษะด้านสุขภาวะทางเพศ ได้แก่ ความสามารถในการตัดสินใจเรื่องเพศ การเคารพการตัดสินใจเรื่องเพศของผู้อื่น การไม่ล่วงละเมิดผู้อื่นในเรื่องเพศ การดูแลสุขภาพทางเพศของตัวเอง,ไม่พอ,สถานศึกษา;พ่อแม่ ญาติ ครอบครัว;เพื่อน ชุมชน ชมรม,กลุ่มข้าราชการ ทหาร ตำรวจ ครู
17,หญิง,โสด,ยังไม่มีบุตร,สัญชาติไทย,สตูล,สายสามัญ,มัธยมปลาย,มัธยมต้น,ครอบครัว/พ่อแม่,พอมีพอกิน,ไม่มีข้อไหนเลย,ไม่รู้ว่ามีหรือไม่,เรื่องเพศและสุขภาพทางเพศ;รู้สึกโดดเดี่ยว มีภาวะซึมเศร้า และการฆ่าตัวตาย;ยาเสพติด,มาก ,มาก ,มากที่สุด ,การมีเพศสัมพันธ์ที่ปลอดภัย ไม่ท้อง ไม่ติดโรค;การตัดสินใจเรื่องความสัมพันธ์ทางเพศ;การเรียนรู้การเปลี่ยนแปลงของร่างกาย เพื่อดูแล บำรุงได้อย่างถูกต้อง,เห็นด้วย,เห็นด้วย,ไม่แน่ใจ,ไม่เห็นด้วย,ให้ความรู้ความเข้าใจที่ถูกต้องเรื่องวิธีการคุมกำเนิดในแบบต่างๆ;ให้คำปรึกษา และบริการอนามัยเจริญพันธ์ที่ได้มาตรฐาน;ให้ความรู้และคำแนะนำที่ทำให้วัยรุ่นสามารถตัดสินใจได้ด้วยตนเอง,เมื่อท้องในวัยเรียนต้องได้เรียนต่อในโรงเรียนเดิม;เพื่อนๆ และ บุคลากรในสถานศึกษาไให้ความการยอมรับ และความช่วยเหลือ;มีมาตราการจากรัฐในการช่วยเหลือแม่วัยรุ่นหลังคลอดลูก,ไม่แน่ใจ,เพื่อน,พอใจ,ทักษะด้านสุขภาวะทางเพศ ได้แก่ ความสามารถในการตัดสินใจเรื่องเพศ การเคารพการตัดสินใจเรื่องเพศของผู้อื่น การไม่ล่วงละเมิดผู้อื่นในเรื่องเพศ การดูแลสุขภาพทางเพศของตัวเอง;ทักษะทางการเงิน ได้แก่ การวางแผนการใช้เงิน การออม การลงทุน การเป็นเจ้าของกิจการ;ทักษะการวางแผนชีวิต ได้แก่ การประเมินลักษะณะการทำงานในอนาคต,ไม่พอ,สถานศึกษา,กลุ่มข้าราชการ ทหาร ตำรวจ ครู
17,หญิง,โสด,ยังไม่มีบุตร,สัญชาติไทย,แม่ฮ่องสอน,สายสามัญ,มัธยมปลาย,มัธยมปลาย,ครอบครัว/พ่อแม่,พอมีพอกิน,เป็นกลุ่มชาติพันธุ์,ไม่รู้ว่ามีหรือไม่,อุบัติเหตุ;การเจ็บป่วย ปัญหาสุขภาพ;เรื่องเพศและสุขภาพทางเพศ,ไม่มี ,ไม่มี ,น้อยที่สุด ,ความหลากหลายทางเพศ;สิทธิอนามัยการเจริญพันธุ์;การให้คำปรึกษาและรักษาข้อมูลส่วนตัว,เห็นด้วย,เห็นด้วย,ไม่แน่ใจ,ไม่เห็นด้วย,มีบริการนอกเวลาราชการ;ให้ความรู้และคำแนะนำที่ทำให้วัยรุ่นสามารถตัดสินใจได้ด้วยตนเอง;มีการรักษาข้อมูลและความเป็นส่วนตัวโดยผู้ให้บริการ,เพื่อนๆ และ บุคลากรในสถานศึกษาไให้ความการยอมรับ และความช่วยเหลือ;เมื่อท้องในวัยเรียนต้องได้เรียนต่อในโรงเรียนเดิม;มีการสื่อสารสาธารณะเชิงบวกเรื่องสุขภาพทางเพศ,ไม่แน่ใจ,แม่,ไม่แน่ใจ ว่าบริการอนามัยการเจริญพันธุ์ มีคุณภาพหรือไม่,ทักษะทางการเงิน ได้แก่ การวางแผนการใช้เงิน การออม การลงทุน การเป็นเจ้าของกิจการ;ทักษะการวางแผนชีวิต ได้แก่ การประเมินลักษะณะการทำงานในอนาคต;ทักษะทางด้านสุขภาพ ได้แก่ การป้องกันโรค การสร้างเสริมสุขภาพ,ไม่พอ,สถานศึกษา;อินเตอร์เน็ต สื่อโซเชียล;ห้องสมุดประชาชน,กลุ่มผู้ประกอบการ นักลงทุน เจ้าของกิจการ
17,ชาย,โสด,ยังไม่มีบุตร,สัญชาติไทย,แพร่,สายสามัญ,มัธยมปลาย,มัธยมปลาย,ญาติ,พอมีพอกิน,ต้องอาศัยอยู่กับปู่ย่า/ตายาย,บัตรทอง หลักประกันสุขภาพถ้วนหน้า;ไม่รู้ว่ามีหรือไม่,รู้สึกโดดเดี่ยว มีภาวะซึมเศร้า และการฆ่าตัวตาย;รายได้ไม่พอรายจ่าย;การเจ็บป่วย ปัญหาสุขภาพ,น้อยที่สุด ,ไม่มี ,ปานกลาง ,การเรียนรู้การเปลี่ยนแปลงของร่างกาย เพื่อดูแล บำรุงได้อย่างถูกต้อง;ความหลากหลายทางเพศ;การให้คำปรึกษาและรักษาข้อมูลส่วนตัว,เห็นด้วย,เห็นด้วย,ไม่เห็นด้วย,เห็นด้วย,มีช่องทางการสื่อสาร รับคำปรึกษา และรับข้อมูลในโซเชียลมีเดียที่เหมาะกับวัยรุ่น;มีบริการแก่วัยรุ่นในสถานที่อื่น ที่ไม่ใช่โรงพยาบาล;ให้ความรู้และคำแนะนำที่ทำให้วัยรุ่นสามารถตัดสินใจได้ด้วยตนเอง,เมื่อท้องในวัยเรียนต้องได้เรียนต่อในโรงเรียนเดิม;เพื่อนๆ และ บุคลากรในสถานศึกษาไให้ความการยอมรับ และความช่วยเหลือ;ทำให้วัยรุ่นมีความรู้ความเข้าใจเมื่อตั้งครรภ์ เพื่อให้วัยรุ่นสามารถตัดสินใจได้ว่าจะตั้งครรภ์ต่อหรือไม่,ใช่,เพื่อน,ไม่แน่ใจ ว่ามีบริการอนามัยการเจริญพันธุ์ ในพื้นที่ของฉัน,ทักษะทางสังคม ได้แก่ การต่อรอง ความสามารถในการสื่อสาร การเข้าสังคม การทำงานเป็นทีม;ทักษะการวางแผนชีวิต ได้แก่ การประเมินลักษะณะการทำงานในอนาคต;ทักษะด้านสุขภาวะทางเพศ ได้แก่ ความสามารถในการตัดสินใจเรื่องเพศ การเคารพการตัดสินใจเรื่องเพศของผู้อื่น การไม่ล่วงละเมิดผู้อื่นในเรื่องเพศ การดูแลสุขภาพทางเพศของตัวเอง,พอ,ผู้เชี่ยวชาญเฉพาะด้าน เช่น เชฟ นักดนตรี;อินเตอร์เน็ต สื่อโซเชียล;สถานศึกษา,กลุ่มผู้ประกอบการ นักลงทุน เจ้าของกิจการ
17,หญิง,โสด,ยังไม่มีบุตร,สัญชาติไทย,กาฬสินธุ์,สายสามัญ,มัธยมปลาย,มัธยมต้น,ครอบครัว/พ่อแม่,พอมีพอกิน,ไม่มีข้อไหนเลย,บัตรทอง หลักประกันสุขภาพถ้วนหน้า,เรื่องเพศและสุขภาพทางเพศ;ยาเสพติด,มาก ,มาก ,มาก ,การคุมกำเนิด;ความหลากหลายทางเพศ;การเรียนรู้การเปลี่ยนแปลงของร่างกาย เพื่อดูแล บำรุงได้อย่างถูกต้อง,เห็นด้วย,เห็นด้วย,เห็นด้วย,เห็นด้วย,มีช่องทางการสื่อสาร รับคำปรึกษา และรับข้อมูลในโซเชียลมีเดียที่เหมาะกับวัยรุ่น;มีบริการแก่วัยรุ่นในสถานที่อื่น ที่ไม่ใช่โรงพยาบาล;ให้ความรู้ความเข้าใจที่ถูกต้องเรื่องวิธีการคุมกำเนิดในแบบต่างๆ;ให้ความรู้และคำแนะนำที่ทำให้วัยรุ่นสามารถตัดสินใจได้ด้วยตนเอง,เมื่อท้องในวัยเรียนต้องได้เรียนต่อในโรงเรียนเดิม;เพื่อนๆ และ บุคลากรในสถานศึกษาไให้ความการยอมรับ และความช่วยเหลือ;มีการสื่อสารสาธารณะเชิงบวกเรื่องสุขภาพทางเพศ,ใช่,แม่,พอใจ,ทักษะทางสังคม ได้แก่ การต่อรอง ความสามารถในการสื่อสาร การเข้าสังคม การทำงานเป็นทีม;ทักษะทางด้านสุขภาพ ได้แก่ การป้องกันโรค การสร้างเสริมสุขภาพ;ทักษะด้านสุขภาวะทางเพศ ได้แก่ ความสามารถในการตัดสินใจเรื่องเพศ การเคารพการตัดสินใจเรื่องเพศของผู้อื่น การไม่ล่วงละเมิดผู้อื่นในเรื่องเพศ การดูแลสุขภาพทางเพศของตัวเอง;ทักษะในการจัดการด้านอารมณ์ ความรู้สึก ได้แก่ สามารถสื่อสารความต้องการของตนเอง การจัดการความโกรธ การยอมรับความหลากหลายทางความคิดในสังคม,พอ,สถานศึกษา;อินเตอร์เน็ต สื่อโซเชียล;เพื่อน ชุมชน ชมรม;พ่อแม่ ญาติ ครอบครัว,กลุ่มข้าราชการ ทหาร ตำรวจ ครู
24,ชาย,โสด,ยังไม่มีบุตร,สัญชาติไทย,ตาก,ไม่ได้เรียน,,มัธยมปลาย,ครอบครัว/พ่อแม่,พอมีพอกิน,อยู่กับแม่เลี้ยงเดี่ยว,บัตรทอง หลักประกันสุขภาพถ้วนหน้า,การเจ็บป่วย ปัญหาสุขภาพ;อุบัติเหตุ;เรื่องเพศและสุขภาพทางเพศ,มากที่สุด ,มากที่สุด ,มากที่สุด ,การตัดสินใจเรื่องความสัมพันธ์ทางเพศ;การมีเพศสัมพันธ์ที่ปลอดภัย ไม่ท้อง ไม่ติดโรค;ความหลากหลายทางเพศ,เห็นด้วย,เห็นด้วย,เห็นด้วย,เห็นด้วย,มีช่องทางการสื่อสาร รับคำปรึกษา และรับข้อมูลในโซเชียลมีเดียที่เหมาะกับวัยรุ่น;มีการรักษาข้อมูลและความเป็นส่วนตัวโดยผู้ให้บริการ;มีบริการนอกเวลาราชการ,เมื่อท้องในวัยเรียนต้องได้เรียนต่อในโรงเรียนเดิม;เมื่อท้องในวัยเรียนต้องได้เรียนต่อในโรงเรียนอื่น;เพื่อนๆ และ บุคลากรในสถานศึกษาไให้ความการยอมรับ และความช่วยเหลือ,ใช่,เพื่อน,พอใจ,ทักษะทางสังคม ได้แก่ การต่อรอง ความสามารถในการสื่อสาร การเข้าสังคม การทำงานเป็นทีม;ทักษะทางด้านสุขภาพ ได้แก่ การป้องกันโรค การสร้างเสริมสุขภาพ;ทักษะด้านสุขภาวะทางเพศ ได้แก่ ความสามารถในการตัดสินใจเรื่องเพศ การเคารพการตัดสินใจเรื่องเพศของผู้อื่น การไม่ล่วงละเมิดผู้อื่นในเรื่องเพศ การดูแลสุขภาพทางเพศของตัวเอง,พอ,สถานศึกษา;พ่อแม่ ญาติ ครอบครัว;อินเตอร์เน็ต สื่อโซเชียล,กลุ่มไม่แสวงหาผลกำไร เช่น นักบวช อาสาสมัคร
23,เพศทางเลือก,โสด,ยังไม่มีบุตร,สัญชาติไทย,เพชรบูรณ์,อุดมศึกษา,มหาวิทยาลัย,ปริญญาตรี,ครอบครัว/พ่อแม่,พอมีพอกิน,ต้องอาศัยอยู่กับปู่ย่า/ตายาย,สิทธิ อสม.,อุบัติเหตุ;เรื่องเพศและสุขภาพทางเพศ;ยาเสพติด,ปานกลาง ,ปานกลาง ,ปานกลาง ,การมีเพศสัมพันธ์ที่ปลอดภัย ไม่ท้อง ไม่ติดโรค;ความหลากหลายทางเพศ;การเรียนรู้การเปลี่ยนแปลงของร่างกาย เพื่อดูแล บำรุงได้อย่างถูกต้อง,ไม่แน่ใจ,ไม่แน่ใจ,เห็นด้วย,เห็นด้วย,มีการรักษาข้อมูลและความเป็นส่วนตัวโดยผู้ให้บริการ;ให้ความรู้และคำแนะนำที่ทำให้วัยรุ่นสามารถตัดสินใจได้ด้วยตนเอง;ให้คำปรึกษา และบริการอนามัยเจริญพันธ์ที่ได้มาตรฐาน,เมื่อท้องในวัยเรียนต้องได้เรียนต่อในโรงเรียนเดิม;เมื่อท้องในวัยเรียนต้องได้เรียนต่อในโรงเรียนอื่น;มีมาตราการจากรัฐในการช่วยเหลือแม่วัยรุ่นหลังคลอดลูก,ไม่แน่ใจ,อาสาสมัครสาธารณสุขมูลฐาน (อสม.),พอใจ,ทักษะทางสังคม ได้แก่ การต่อรอง ความสามารถในการสื่อสาร การเข้าสังคม การทำงานเป็นทีม;ทักษะการวางแผนชีวิต ได้แก่ การประเมินลักษะณะการทำงานในอนาคต;ทักษะทางการเงิน ได้แก่ การวางแผนการใช้เงิน การออม การลงทุน การเป็นเจ้าของกิจการ,ไม่พอ,สถาบัน หรือ หน่วยงานเฉพาะด้าน,กลุ่มอาชีพอิสระ เช่น นักแสดงนักร้อง นักดนตรี ศิลปินสร้างงานศิลปะ นักกีฬา เชพ นักแปล
22,ชาย,โสด,ยังไม่มีบุตร,สัญชาติไทย,อุบลราชธานี,อุดมศึกษา,มหาวิทยาลัย,มัธยมปลาย,ครอบครัว/พ่อแม่,พอมีพอกิน,,บัตรทอง หลักประกันสุขภาพถ้วนหน้า,การเจ็บป่วย ปัญหาสุขภาพ;อุบัติเหตุ,ปานกลาง ,ปานกลาง ,ปานกลาง ,การเรียนรู้การเปลี่ยนแปลงของร่างกาย เพื่อดูแล บำรุงได้อย่างถูกต้อง,เห็นด้วย,ไม่แน่ใจ,ไม่แน่ใจ,เห็นด้วย,มีช่องทางการสื่อสาร รับคำปรึกษา และรับข้อมูลในโซเชียลมีเดียที่เหมาะกับวัยรุ่น;มีการรักษาข้อมูลและความเป็นส่วนตัวโดยผู้ให้บริการ;มีบริการแก่วัยรุ่นในสถานที่อื่น ที่ไม่ใช่โรงพยาบาล;มีบริการนอกเวลาราชการ,เมื่อท้องในวัยเรียนต้องได้เรียนต่อในโรงเรียนเดิม;เพื่อนๆ และ บุคลากรในสถานศึกษาไให้ความการยอมรับ และความช่วยเหลือ;ทำให้วัยรุ่นมีความรู้ความเข้าใจเมื่อตั้งครรภ์ เพื่อให้วัยรุ่นสามารถตัดสินใจได้ว่าจะตั้งครรภ์ต่อหรือไม่,ใช่,เพื่อน,ไม่แน่ใจ,ทักษะการวางแผนชีวิต ได้แก่ การประเมินลักษะณะการทำงานในอนาคต,พอ,สถาบัน หรือ หน่วยงานเฉพาะด้าน,กลุ่มข้าราชการ ทหาร ตำรวจ ครู
